residual,TCI,time,HydroGp,Transect,Species,standResid
-0.006309556012486062,11,-0.5,Group 5,17,RRG,-0.06605134503328033
0.011351487012509986,12,1.5,Group 5,17,RRG,0.22121636311960124
-0.04609518691390413,10,-1.5,Group 5,17,RRG,-0.4825456956398731
-0.07773812744105746,10,-0.5,Group 5,17,RRG,-0.8137986044801354
-0.06007708441606141,11,1.5,Group 5,17,RRG,-1.1707747281659224
0.16819052737181017,13,-1.5,Group 5,17,RRG,1.7606960827006932
0.13654758684465684,13,-0.5,Group 5,17,RRG,1.429443173860431
0.011351487012509986,12,1.5,Group 5,17,RRG,0.22121636311960124
0.09676195594323866,12,-1.5,Group 5,17,RRG,1.012948823253837
0.2623017053172808,12,-0.5,Group 2,16,RRG,1.5385907858016898
0.065782668425454,12,1.5,Group 2,16,RRG,1.126966696312641
0.3797646873390399,12,-1.5,Group 2,16,RRG,2.227596835506398
0.1908731338887094,11,-0.5,Group 2,16,RRG,1.1196101249247683
-0.005645903003117403,11,1.5,Group 2,16,RRG,-0.09672372385342205
0.3083361159104685,11,-1.5,Group 2,16,RRG,1.8086161746294764
-0.09484115182557629,7,-0.5,Group 2,16,RRG,-0.5563125185829176
0.065782668425454,12,1.5,Group 2,16,RRG,1.126966696312641
0.0226218301961828,7,-1.5,Group 2,16,RRG,0.1326935311217904
-0.23769829468271914,5,-0.5,Group 2,16,RRG,-1.3942738403367607
0.065782668425454,12,1.5,Group 2,16,RRG,1.126966696312641
-0.12023531266096005,5,-1.5,Group 2,16,RRG,-0.7052677906320527
-0.02341258039700489,8,-0.5,Group 2,16,RRG,-0.13733185770599635
0.065782668425454,12,1.5,Group 2,16,RRG,1.126966696312641
0.0940504016247542,8,-1.5,Group 2,16,RRG,0.5516741919987117
-0.02341258039700489,8,-0.5,Group 2,16,RRG,-0.13733185770599635
-0.005645903003117403,11,1.5,Group 2,16,RRG,-0.09672372385342205
0.0940504016247542,8,-1.5,Group 2,16,RRG,0.5516741919987117
-0.09484115182557629,7,-0.5,Group 2,16,RRG,-0.5563125185829176
0.065782668425454,12,1.5,Group 2,16,RRG,1.126966696312641
0.0226218301961828,7,-1.5,Group 2,16,RRG,0.1326935311217904
-0.16626972325414774,6,-0.5,Group 2,16,RRG,-0.9752931794598394
-0.005645903003117403,11,1.5,Group 2,16,RRG,-0.09672372385342205
-0.04880674123238865,6,-1.5,Group 2,16,RRG,-0.2862871297551313
-0.09484115182557629,7,-0.5,Group 2,16,RRG,-0.5563125185829176
-0.005645903003117403,11,1.5,Group 2,16,RRG,-0.09672372385342205
0.0226218301961828,7,-1.5,Group 2,16,RRG,0.1326935311217904
0.11944456246013802,10,-0.5,Group 2,16,RRG,0.700629464047847
0.065782668425454,12,1.5,Group 2,16,RRG,1.126966696312641
0.2369075444818971,10,-1.5,Group 2,16,RRG,1.3896355137525551
-0.02341258039700489,8,-0.5,Group 2,16,RRG,-0.13733185770599635
0.065782668425454,12,1.5,Group 2,16,RRG,1.126966696312641
0.0940504016247542,8,-1.5,Group 2,16,RRG,0.5516741919987117
0.1908731338887094,11,-0.5,Group 2,16,RRG,1.1196101249247683
0.065782668425454,12,1.5,Group 2,16,RRG,1.126966696312641
0.3083361159104685,11,-1.5,Group 2,16,RRG,1.8086161746294764
-0.09484115182557629,7,-0.5,Group 2,16,RRG,-0.5563125185829176
0.065782668425454,12,1.5,Group 2,16,RRG,1.126966696312641
0.0226218301961828,7,-1.5,Group 2,16,RRG,0.1326935311217904
-0.23769829468271914,5,-0.5,Group 2,16,RRG,-1.3942738403367607
-0.005645903003117403,11,1.5,Group 2,16,RRG,-0.09672372385342205
-0.12023531266096005,5,-1.5,Group 2,16,RRG,-0.7052677906320527
-0.380555437539862,3,-0.5,Group 2,16,RRG,-2.232235162090604
-0.005645903003117403,11,1.5,Group 2,16,RRG,-0.09672372385342205
-0.2630924555181029,3,-1.5,Group 2,16,RRG,-1.5432291123858957
-0.3091268661112906,4,-0.5,Group 2,16,RRG,-1.8132545012136825
0.065782668425454,12,1.5,Group 2,16,RRG,1.126966696312641
-0.1916638840895315,4,-1.5,Group 2,16,RRG,-1.1242484515089743
0.11944456246013802,10,-0.5,Group 2,16,RRG,0.700629464047847
-0.005645903003117403,11,1.5,Group 2,16,RRG,-0.09672372385342205
0.2369075444818971,10,-1.5,Group 2,16,RRG,1.3896355137525551
0.04801599103156662,9,-0.5,Group 2,16,RRG,0.28164880317092567
-0.005645903003117403,11,1.5,Group 2,16,RRG,-0.09672372385342205
0.1654789730533257,9,-1.5,Group 2,16,RRG,0.9706548528756337
-0.23769829468271914,5,-0.5,Group 2,16,RRG,-1.3942738403367607
-0.005645903003117403,11,1.5,Group 2,16,RRG,-0.09672372385342205
-0.12023531266096005,5,-1.5,Group 2,16,RRG,-0.7052677906320527
0.04801599103156662,9,-0.5,Group 2,16,RRG,0.28164880317092567
0.065782668425454,12,1.5,Group 2,16,RRG,1.126966696312641
0.1654789730533257,9,-1.5,Group 2,16,RRG,0.9706548528756337
-0.09484115182557629,7,-0.5,Group 2,16,RRG,-0.5563125185829176
0.065782668425454,12,1.5,Group 2,16,RRG,1.126966696312641
0.0226218301961828,7,-1.5,Group 2,16,RRG,0.1326935311217904
-0.23769829468271914,5,-0.5,Group 2,16,RRG,-1.3942738403367607
0.065782668425454,12,1.5,Group 2,16,RRG,1.126966696312641
-0.12023531266096005,5,-1.5,Group 2,16,RRG,-0.7052677906320527
-0.02341258039700489,8,-0.5,Group 2,16,RRG,-0.13733185770599635
0.065782668425454,12,1.5,Group 2,16,RRG,1.126966696312641
0.0940504016247542,8,-1.5,Group 2,16,RRG,0.5516741919987117
-0.005645903003117403,11,1.5,Group 2,16,RRG,-0.09672372385342205
-0.09484115182557629,7,-0.5,Group 2,16,RRG,-0.5563125185829176
0.0226218301961828,7,-1.5,Group 2,16,RRG,0.1326935311217904
-0.02341258039700489,8,-0.5,Group 2,16,RRG,-0.13733185770599635
0.065782668425454,12,1.5,Group 2,16,RRG,1.126966696312641
0.0940504016247542,8,-1.5,Group 2,16,RRG,0.5516741919987117
-0.02341258039700489,8,-0.5,Group 2,16,RRG,-0.13733185770599635
-0.005645903003117403,11,1.5,Group 2,16,RRG,-0.09672372385342205
0.0940504016247542,8,-1.5,Group 2,16,RRG,0.5516741919987117
-0.45198400896843344,2,-0.5,Group 2,16,RRG,-2.6512158229675253
-0.1485030458602602,9,1.5,Group 2,16,RRG,-2.5441045641855484
-0.33452102694667435,2,-1.5,Group 2,16,RRG,-1.9622097732628174
0.11944456246013802,10,-0.5,Group 2,16,RRG,0.700629464047847
-0.0770744744316888,10,1.5,Group 2,16,RRG,-1.3204141440194852
0.2369075444818971,10,-1.5,Group 2,16,RRG,1.3896355137525551
0.04801599103156662,9,-0.5,Group 2,16,RRG,0.28164880317092567
0.1372112398540255,13,1.5,Group 2,16,RRG,2.3506571164787062
0.1654789730533257,9,-1.5,Group 2,16,RRG,0.9706548528756337
-0.16626972325414774,6,-0.5,Group 2,16,RRG,-0.9752931794598394
-0.0770744744316888,10,1.5,Group 2,16,RRG,-1.3204141440194852
-0.04880674123238865,6,-1.5,Group 2,16,RRG,-0.2862871297551313
0.06511901541608534,12,-0.5,Group 5,17,RRG,0.6816959144135747
0.011351487012509986,12,1.5,Group 5,17,RRG,0.22121636311960124
0.09676195594323866,12,-1.5,Group 5,17,RRG,1.012948823253837
0.16819052737181017,13,-1.5,Group 5,17,RRG,1.7606960827006932
0.13654758684465684,13,-0.5,Group 5,17,RRG,1.429443173860431
0.011351487012509986,12,1.5,Group 5,17,RRG,0.22121636311960124
0.06511901541608534,12,-0.5,Group 5,17,RRG,0.6816959144135747
-0.06007708441606141,11,1.5,Group 5,17,RRG,-1.1707747281659224
0.09676195594323866,12,-1.5,Group 5,17,RRG,1.012948823253837
0.16819052737181017,13,-1.5,Group 5,17,RRG,1.7606960827006932
0.13654758684465684,13,-0.5,Group 5,17,RRG,1.429443173860431
0.011351487012509986,12,1.5,Group 5,17,RRG,0.22121636311960124
-0.04609518691390413,10,-1.5,Group 5,17,RRG,-0.4825456956398731
-0.07773812744105746,10,-0.5,Group 5,17,RRG,-0.8137986044801354
0.011351487012509986,12,1.5,Group 5,17,RRG,0.22121636311960124
-0.04609518691390413,10,-1.5,Group 5,17,RRG,-0.4825456956398731
-0.07773812744105746,10,-0.5,Group 5,17,RRG,-0.8137986044801354
0.011351487012509986,12,1.5,Group 5,17,RRG,0.22121636311960124
0.09676195594323866,12,-1.5,Group 5,17,RRG,1.012948823253837
0.06511901541608534,12,-0.5,Group 5,17,RRG,0.6816959144135747
0.011351487012509986,12,1.5,Group 5,17,RRG,0.22121636311960124
-0.06007708441606141,11,1.5,Group 5,17,RRG,-1.1707747281659224
0.09676195594323866,12,-1.5,Group 5,17,RRG,1.012948823253837
0.06511901541608534,12,-0.5,Group 5,17,RRG,0.6816959144135747
0.025333384514667268,11,-1.5,Group 5,17,RRG,0.26520156380698195
-0.006309556012486062,11,-0.5,Group 5,17,RRG,-0.06605134503328033
-0.06007708441606141,11,1.5,Group 5,17,RRG,-1.1707747281659224
-0.11752375834247553,9,-1.5,Group 5,17,RRG,-1.230292955086728
-0.14916669886962886,9,-0.5,Group 5,17,RRG,-1.5615458639269904
-0.2029342272732042,9,1.5,Group 5,17,RRG,-3.9547569107369696
0.09676195594323866,12,-1.5,Group 5,17,RRG,1.012948823253837
0.06511901541608534,12,-0.5,Group 5,17,RRG,0.6816959144135747
0.011351487012509986,12,1.5,Group 5,17,RRG,0.22121636311960124
-0.18895232977104703,8,-1.5,Group 5,17,RRG,-1.9780402145335843
-0.22059527029820036,8,-0.5,Group 5,17,RRG,-2.3092931233738465
0.011351487012509986,12,1.5,Group 5,17,RRG,0.22121636311960124
0.09676195594323866,12,-1.5,Group 5,17,RRG,1.012948823253837
0.06511901541608534,12,-0.5,Group 5,17,RRG,0.6816959144135747
0.011351487012509986,12,1.5,Group 5,17,RRG,0.22121636311960124
0.09676195594323866,12,-1.5,Group 5,17,RRG,1.012948823253837
0.06511901541608534,12,-0.5,Group 5,17,RRG,0.6816959144135747
0.011351487012509986,12,1.5,Group 5,17,RRG,0.22121636311960124
-0.04609518691390413,10,-1.5,Group 5,17,RRG,-0.4825456956398731
-0.07773812744105746,10,-0.5,Group 5,17,RRG,-0.8137986044801354
0.011351487012509986,12,1.5,Group 5,17,RRG,0.22121636311960124
0.16819052737181017,13,-1.5,Group 5,17,RRG,1.7606960827006932
0.13654758684465684,13,-0.5,Group 5,17,RRG,1.429443173860431
0.011351487012509986,12,1.5,Group 5,17,RRG,0.22121636311960124
0.09676195594323866,12,-1.5,Group 5,17,RRG,1.012948823253837
0.06511901541608534,12,-0.5,Group 5,17,RRG,0.6816959144135747
0.011351487012509986,12,1.5,Group 5,17,RRG,0.22121636311960124
-0.04609518691390413,10,-1.5,Group 5,17,RRG,-0.4825456956398731
-0.07773812744105746,10,-0.5,Group 5,17,RRG,-0.8137986044801354
0.011351487012509986,12,1.5,Group 5,17,RRG,0.22121636311960124
-0.04609518691390413,10,-1.5,Group 5,17,RRG,-0.4825456956398731
-0.07773812744105746,10,-0.5,Group 5,17,RRG,-0.8137986044801354
0.011351487012509986,12,1.5,Group 5,17,RRG,0.22121636311960124
-0.04609518691390413,10,-1.5,Group 5,17,RRG,-0.4825456956398731
-0.07773812744105746,10,-0.5,Group 5,17,RRG,-0.8137986044801354
0.011351487012509986,12,1.5,Group 5,17,RRG,0.22121636311960124
0.025333384514667268,11,-1.5,Group 5,17,RRG,0.26520156380698195
-0.006309556012486062,11,-0.5,Group 5,17,RRG,-0.06605134503328033
0.011351487012509986,12,1.5,Group 5,17,RRG,0.22121636311960124
-0.04609518691390413,10,-1.5,Group 5,17,RRG,-0.4825456956398731
-0.07773812744105746,10,-0.5,Group 5,17,RRG,-0.8137986044801354
-0.06007708441606141,11,1.5,Group 5,17,RRG,-1.1707747281659224
-0.04609518691390413,10,-1.5,Group 5,17,RRG,-0.4825456956398731
-0.07773812744105746,10,-0.5,Group 5,17,RRG,-0.8137986044801354
0.011351487012509986,12,1.5,Group 5,17,RRG,0.22121636311960124
-0.11752375834247553,9,-1.5,Group 5,17,RRG,-1.230292955086728
-0.14916669886962886,9,-0.5,Group 5,17,RRG,-1.5615458639269904
-0.06007708441606141,11,1.5,Group 5,17,RRG,-1.1707747281659224
0.025333384514667268,11,-1.5,Group 5,17,RRG,0.26520156380698195
-0.006309556012486062,11,-0.5,Group 5,17,RRG,-0.06605134503328033
-0.1315056558446328,10,1.5,Group 5,17,RRG,-2.562765819451446
0.09676195594323866,12,-1.5,Group 5,17,RRG,1.012948823253837
0.06511901541608534,12,-0.5,Group 5,17,RRG,0.6816959144135747
0.011351487012509986,12,1.5,Group 5,17,RRG,0.22121636311960124
0.025333384514667268,11,-1.5,Group 5,17,RRG,0.26520156380698195
0.06511901541608534,12,-0.5,Group 5,17,RRG,0.6816959144135747
0.011351487012509986,12,1.5,Group 5,17,RRG,0.22121636311960124
0.19232521389417057,10,-1.5,Group 2,19,BB,1.311858207055717
0.11368738579404591,10,-0.5,Group 2,19,BB,0.775466341998693
0.04530840391894475,11,1.5,Group 2,19,BB,0.5743924642981851
-0.30767478610582943,3,-1.5,Group 2,19,BB,-2.0986623910848468
-0.3863126142059541,3,-0.5,Group 2,19,BB,-2.635054256141871
-0.3118344532239124,6,1.5,Group 2,19,BB,-3.953248063224467
0.04946807103702766,8,-1.5,Group 2,19,BB,0.337423750444127
-0.02916975706309699,8,-0.5,Group 2,19,BB,-0.19896811461289698
-0.18274164703685208,5,-1.5,Group 1,2,BB,-1.097918877539275
-0.26532500771429984,5,-0.5,Group 1,2,BB,-1.5940828999644416
-0.050725650894200114,10,1.5,Group 1,2,BB,-0.5993510259687144
0.03154406724886216,8,-1.5,Group 1,2,BB,0.18951797506733656
-0.0510392934285856,8,-0.5,Group 1,2,BB,-0.30664604735782997
0.10297263867743367,9,-1.5,Group 1,2,BB,0.6186635926028743
0.02038927799998591,9,-0.5,Group 1,2,BB,0.12249957017770778
0.09213149196294268,12,1.5,Group 1,2,BB,1.0885834535113224
0.24582978153457646,11,-1.5,Group 1,2,BB,1.4769548276739486
0.1632464208571287,11,-0.5,Group 1,2,BB,0.9807908052487819
0.09213149196294268,12,1.5,Group 1,2,BB,1.0885834535113224
-0.039884504179709235,7,-1.5,Group 1,2,BB,-0.23962764246820054
-0.122467864857157,7,-0.5,Group 1,2,BB,-0.7357916648933671
-0.050725650894200114,10,1.5,Group 1,2,BB,-0.5993510259687144
-0.039884504179709235,7,-1.5,Group 1,2,BB,-0.23962764246820054
-0.122467864857157,7,-0.5,Group 1,2,BB,-0.7357916648933671
-0.050725650894200114,10,1.5,Group 1,2,BB,-0.5993510259687144
-0.04526001502486776,10,1.5,Group 3,7,BB,-0.604468132224036
-0.03913578271787255,8,-1.5,Group 3,7,BB,-0.2684525858578964
-0.09302104067464823,8,-0.5,Group 3,7,BB,-0.6380794550174609
0.026168556403703636,11,1.5,Group 3,7,BB,0.34949299958594715
0.17514993156784175,11,-1.5,Group 3,7,BB,1.2014440181554835
0.12126467361106608,11,-0.5,Group 3,7,BB,0.831817148995919
-0.04526001502486776,10,1.5,Group 3,7,BB,-0.604468132224036
0.10372136013927036,10,-1.5,Group 3,7,BB,0.711478483484357
0.04983610218249468,10,-0.5,Group 3,7,BB,0.34185161432479266
0.09759712783227503,12,1.5,Group 3,7,BB,1.3034541313959302
0.03229278871069896,9,-1.5,Group 3,7,BB,0.22151294881323072
-0.021592469246076718,9,-0.5,Group 3,7,BB,-0.14811392034633372
0.026168556403703636,11,1.5,Group 3,7,BB,0.34949299958594715
0.03229278871069896,9,-1.5,Group 3,7,BB,0.22151294881323072
-0.021592469246076718,9,-0.5,Group 3,7,BB,-0.14811392034633372
0.09759712783227503,12,1.5,Group 3,7,BB,1.3034541313959302
0.17514993156784175,11,-1.5,Group 3,7,BB,1.2014440181554835
0.12126467361106608,11,-0.5,Group 3,7,BB,0.831817148995919
0.026168556403703636,11,1.5,Group 3,7,BB,0.34949299958594715
-0.16444961210321962,7,-0.5,Group 3,7,BB,-1.1280449896885871
0.10730576135753467,8,-1.5,Group 2,10,BB,1.0154936926047922
0.027466287177619675,8,-0.5,Group 2,10,BB,0.25992864721597897
0.0208088103521481,10,1.5,Group 2,10,BB,0.43274234394243655
0.03587718992896327,7,-1.5,Group 2,10,BB,0.3395256659132605
-0.04396228425095172,7,-0.5,Group 2,10,BB,-0.4160393794755527
-0.0506197610764233,9,1.5,Group 2,10,BB,-1.052694204392912
-0.03555138149960818,6,-1.5,Group 2,10,BB,-0.3364423607782717
-0.11539085567952317,6,-0.5,Group 2,10,BB,-1.0920074061670848
0.0208088103521481,10,1.5,Group 2,10,BB,0.43274234394243655
0.10730576135753467,8,-1.5,Group 2,10,BB,1.0154936926047922
0.027466287177619675,8,-0.5,Group 2,10,BB,0.25992864721597897
0.0208088103521481,10,1.5,Group 2,10,BB,0.43274234394243655
0.03587718992896327,7,-1.5,Group 2,10,BB,0.3395256659132605
-0.04396228425095172,7,-0.5,Group 2,10,BB,-0.4160393794755527
0.0208088103521481,10,1.5,Group 2,10,BB,0.43274234394243655
0.17873433278610618,9,-1.5,Group 2,10,BB,1.6914617192963248
0.09889485860619118,9,-0.5,Group 2,10,BB,0.9358966739075117
0.0208088103521481,10,1.5,Group 2,10,BB,0.43274234394243655
0.03587718992896327,7,-1.5,Group 2,10,BB,0.3395256659132605
-0.026120167509626646,10,1.5,Group 2,19,BB,-0.33113564120634487
0.19232521389417057,10,-1.5,Group 2,19,BB,1.311858207055717
0.11368738579404591,10,-0.5,Group 2,19,BB,0.775466341998693
-0.026120167509626646,10,1.5,Group 2,19,BB,-0.33113564120634487
0.19232521389417057,10,-1.5,Group 2,19,BB,1.311858207055717
0.11368738579404591,10,-0.5,Group 2,19,BB,0.775466341998693
0.11673697534751615,12,1.5,Group 2,19,BB,1.479920569802715
0.04946807103702766,8,-1.5,Group 2,19,BB,0.337423750444127
-0.02916975706309699,8,-0.5,Group 2,19,BB,-0.19896811461289698
-0.026120167509626646,10,1.5,Group 2,19,BB,-0.33113564120634487
0.19232521389417057,10,-1.5,Group 2,19,BB,1.311858207055717
0.11368738579404591,10,-0.5,Group 2,19,BB,0.775466341998693
0.04530840391894475,11,1.5,Group 2,19,BB,0.5743924642981851
0.19232521389417057,10,-1.5,Group 2,19,BB,1.311858207055717
0.11368738579404591,10,-0.5,Group 2,19,BB,0.775466341998693
-0.026120167509626646,10,1.5,Group 2,19,BB,-0.33113564120634487
0.12089664246559917,9,-1.5,Group 2,19,BB,0.8246409787499224
0.04225881436547452,9,-0.5,Group 2,19,BB,0.2882491136928984
0.04530840391894475,11,1.5,Group 2,19,BB,0.5743924642981851
0.11673697534751615,12,1.5,Group 2,19,BB,1.479920569802715
0.26375378532274196,11,-1.5,Group 2,19,BB,1.7990754353615115
0.1851159572226173,11,-0.5,Group 2,19,BB,1.2626835703044876
0.26375378532274196,11,-1.5,Group 2,19,BB,1.7990754353615115
0.1851159572226173,11,-0.5,Group 2,19,BB,1.2626835703044876
0.04530840391894475,11,1.5,Group 2,19,BB,0.5743924642981851
0.19232521389417057,10,-1.5,Group 2,19,BB,1.311858207055717
0.11368738579404591,10,-0.5,Group 2,19,BB,0.775466341998693
-0.026120167509626646,10,1.5,Group 2,19,BB,-0.33113564120634487
0.19232521389417057,10,-1.5,Group 2,19,BB,1.311858207055717
0.11368738579404591,10,-0.5,Group 2,19,BB,0.775466341998693
0.04530840391894475,11,1.5,Group 2,19,BB,0.5743924642981851
-0.16481764324868659,5,-1.5,Group 2,19,BB,-1.1242279344732573
-0.24345547134881124,5,-0.5,Group 2,19,BB,-1.6606197995302812
-0.026120167509626646,10,1.5,Group 2,19,BB,-0.33113564120634487
-0.021960500391543736,7,-1.5,Group 2,19,BB,-0.14979347786166766
-0.10059832849166839,7,-0.5,Group 2,19,BB,-0.6861853429186916
-0.026120167509626646,10,1.5,Group 2,19,BB,-0.33113564120634487
-0.16481764324868659,5,-1.5,Group 2,19,BB,-1.1242279344732573
-0.24345547134881124,5,-0.5,Group 2,19,BB,-1.6606197995302812
0.04530840391894475,11,1.5,Group 2,19,BB,0.5743924642981851
-0.09338907182011519,6,-1.5,Group 2,19,BB,-0.6370107061674627
-0.17202689992023984,6,-0.5,Group 2,19,BB,-1.1734025712244867
-0.09754873893819804,9,1.5,Group 2,19,BB,-1.2366637467108748
-0.09338907182011519,6,-1.5,Group 2,19,BB,-0.6370107061674627
-0.17202689992023984,6,-0.5,Group 2,19,BB,-1.1734025712244867
-0.026120167509626646,10,1.5,Group 2,19,BB,-0.33113564120634487
-0.021960500391543736,7,-1.5,Group 2,19,BB,-0.14979347786166766
-0.10059832849166839,7,-0.5,Group 2,19,BB,-0.6861853429186916
0.04530840391894475,11,1.5,Group 2,19,BB,0.5743924642981851
0.04946807103702766,8,-1.5,Group 2,19,BB,0.337423750444127
-0.02916975706309699,8,-0.5,Group 2,19,BB,-0.19896811461289698
-0.026120167509626646,10,1.5,Group 2,19,BB,-0.33113564120634487
0.04946807103702766,8,-1.5,Group 2,19,BB,0.337423750444127
-0.02916975706309699,8,-0.5,Group 2,19,BB,-0.19896811461289698
0.04530840391894475,11,1.5,Group 2,19,BB,0.5743924642981851
-0.09338907182011519,6,-1.5,Group 2,19,BB,-0.6370107061674627
-0.17202689992023984,6,-0.5,Group 2,19,BB,-1.1734025712244867
-0.026120167509626646,10,1.5,Group 2,19,BB,-0.33113564120634487
-0.09338907182011519,6,-1.5,Group 2,19,BB,-0.6370107061674627
-0.17202689992023984,6,-0.5,Group 2,19,BB,-1.1734025712244867
0.04530840391894475,11,1.5,Group 2,19,BB,0.5743924642981851
-0.021960500391543736,7,-1.5,Group 2,19,BB,-0.14979347786166766
-0.10059832849166839,7,-0.5,Group 2,19,BB,-0.6861853429186916
0.04530840391894475,11,1.5,Group 2,19,BB,0.5743924642981851
-0.021960500391543736,7,-1.5,Group 2,19,BB,-0.14979347786166766
-0.10059832849166839,7,-0.5,Group 2,19,BB,-0.6861853429186916
0.04530840391894475,11,1.5,Group 2,19,BB,0.5743924642981851
0.04946807103702766,8,-1.5,Group 2,19,BB,0.337423750444127
-0.02916975706309699,8,-0.5,Group 2,19,BB,-0.19896811461289698
0.04530840391894475,11,1.5,Group 2,19,BB,0.5743924642981851
0.19232521389417057,10,-1.5,Group 2,19,BB,1.311858207055717
0.11368738579404591,10,-0.5,Group 2,19,BB,0.775466341998693
0.11673697534751615,12,1.5,Group 2,19,BB,1.479920569802715
-0.09338907182011519,6,-1.5,Group 2,19,BB,-0.6370107061674627
-0.17202689992023984,6,-0.5,Group 2,19,BB,-1.1734025712244867
-0.026120167509626646,10,1.5,Group 2,19,BB,-0.33113564120634487
-0.021960500391543736,7,-1.5,Group 2,19,BB,-0.14979347786166766
-0.10059832849166839,7,-0.5,Group 2,19,BB,-0.6861853429186916
-0.026120167509626646,10,1.5,Group 2,19,BB,-0.33113564120634487
-0.09338907182011519,6,-1.5,Group 2,19,BB,-0.6370107061674627
-0.17202689992023984,6,-0.5,Group 2,19,BB,-1.1734025712244867
-0.026120167509626646,10,1.5,Group 2,19,BB,-0.33113564120634487
0.19343240996220157,14,-1.5,Group 5,18,RRG,1.6010483832514855
0.1665527026925907,14,-0.5,Group 5,18,RRG,1.3785638891861256
-0.020853304323512734,11,-1.5,Group 5,18,RRG,-0.1726036974834539
-0.0477330115931236,11,-0.5,Group 5,18,RRG,-0.3950881915488137
0.05057526710505866,12,-1.5,Group 5,18,RRG,0.41861366276152556
0.0236955598354478,12,-0.5,Group 5,18,RRG,0.19612916869616578
-0.09243895508573685,11,1.5,Group 5,18,RRG,-1.1041142427792707
-0.021010383657165455,12,1.5,Group 5,18,RRG,-0.25095333261412633
0.19343240996220157,14,-1.5,Group 5,18,RRG,1.6010483832514855
0.1665527026925907,14,-0.5,Group 5,18,RRG,1.3785638891861256
0.19343240996220157,14,-1.5,Group 5,18,RRG,1.6010483832514855
0.1665527026925907,14,-0.5,Group 5,18,RRG,1.3785638891861256
-0.021010383657165455,12,1.5,Group 5,18,RRG,-0.25095333261412633
0.12200383853363017,13,-1.5,Group 5,18,RRG,1.009831023006506
0.09512413126401931,13,-0.5,Group 5,18,RRG,0.7873465289411462
0.12200383853363017,13,-1.5,Group 5,18,RRG,1.009831023006506
0.09512413126401931,13,-0.5,Group 5,18,RRG,0.7873465289411462
-0.021010383657165455,12,1.5,Group 5,18,RRG,-0.25095333261412633
0.12200383853363017,13,-1.5,Group 5,18,RRG,1.009831023006506
0.09512413126401931,13,-0.5,Group 5,18,RRG,0.7873465289411462
-0.30672466937145115,8,1.5,Group 5,18,RRG,-3.663596973274706
0.12200383853363017,13,-1.5,Group 5,18,RRG,1.009831023006506
0.09512413126401931,13,-0.5,Group 5,18,RRG,0.7873465289411462
-0.021010383657165455,12,1.5,Group 5,18,RRG,-0.25095333261412633
0.12200383853363017,13,-1.5,Group 5,18,RRG,1.009831023006506
0.09512413126401931,13,-0.5,Group 5,18,RRG,0.7873465289411462
-0.23529609794287965,9,1.5,Group 5,18,RRG,-2.81043606310956
0.12200383853363017,13,-1.5,Group 5,18,RRG,1.009831023006506
0.09512413126401931,13,-0.5,Group 5,18,RRG,0.7873465289411462
-0.021010383657165455,12,1.5,Group 5,18,RRG,-0.25095333261412633
0.12200383853363017,13,-1.5,Group 5,18,RRG,1.009831023006506
0.09512413126401931,13,-0.5,Group 5,18,RRG,0.7873465289411462
-0.09243895508573685,11,1.5,Group 5,18,RRG,-1.1041142427792707
0.12200383853363017,13,-1.5,Group 5,18,RRG,1.009831023006506
0.09512413126401931,13,-0.5,Group 5,18,RRG,0.7873465289411462
-0.021010383657165455,12,1.5,Group 5,18,RRG,-0.25095333261412633
0.12200383853363017,13,-1.5,Group 5,18,RRG,1.009831023006506
0.09512413126401931,13,-0.5,Group 5,18,RRG,0.7873465289411462
-0.021010383657165455,12,1.5,Group 5,18,RRG,-0.25095333261412633
-0.020853304323512734,11,-1.5,Group 5,18,RRG,-0.1726036974834539
-0.0477330115931236,11,-0.5,Group 5,18,RRG,-0.3950881915488137
-0.021010383657165455,12,1.5,Group 5,18,RRG,-0.25095333261412633
0.05057526710505866,12,-1.5,Group 5,18,RRG,0.41861366276152556
0.0236955598354478,12,-0.5,Group 5,18,RRG,0.19612916869616578
-0.09243895508573685,11,1.5,Group 5,18,RRG,-1.1041142427792707
0.05057526710505866,12,-1.5,Group 5,18,RRG,0.41861366276152556
0.0236955598354478,12,-0.5,Group 5,18,RRG,0.19612916869616578
-0.021010383657165455,12,1.5,Group 5,18,RRG,-0.25095333261412633
0.12200383853363017,13,-1.5,Group 5,18,RRG,1.009831023006506
0.09512413126401931,13,-0.5,Group 5,18,RRG,0.7873465289411462
-0.021010383657165455,12,1.5,Group 5,18,RRG,-0.25095333261412633
-0.0477330115931236,11,-0.5,Group 5,18,RRG,-0.3950881915488137
-0.16386752651430825,10,1.5,Group 5,18,RRG,-1.9572751529444152
-0.020853304323512734,11,-1.5,Group 5,18,RRG,-0.1726036974834539
-0.23513901860922704,8,-1.5,Group 5,18,RRG,-1.9462557782183931
-0.2620187258788379,8,-0.5,Group 5,18,RRG,-2.168740272283753
0.05041818777140605,13,1.5,Group 5,18,RRG,0.6022075775510195
0.05057526710505866,12,-1.5,Group 5,18,RRG,0.41861366276152556
0.0236955598354478,12,-0.5,Group 5,18,RRG,0.19612916869616578
-0.021010383657165455,12,1.5,Group 5,18,RRG,-0.25095333261412633
0.19343240996220157,14,-1.5,Group 5,18,RRG,1.6010483832514855
0.1665527026925907,14,-0.5,Group 5,18,RRG,1.3785638891861256
-0.09243895508573685,11,1.5,Group 5,18,RRG,-1.1041142427792707
-0.020853304323512734,11,-1.5,Group 5,18,RRG,-0.1726036974834539
-0.0477330115931236,11,-0.5,Group 5,18,RRG,-0.3950881915488137
-0.021010383657165455,12,1.5,Group 5,18,RRG,-0.25095333261412633
0.12200383853363017,13,-1.5,Group 5,18,RRG,1.009831023006506
0.09512413126401931,13,-0.5,Group 5,18,RRG,0.7873465289411462
-0.020853304323512734,11,-1.5,Group 5,18,RRG,-0.1726036974834539
-0.0477330115931236,11,-0.5,Group 5,18,RRG,-0.3950881915488137
-0.021010383657165455,12,1.5,Group 5,18,RRG,-0.25095333261412633
-0.09228187575208413,10,-1.5,Group 5,18,RRG,-0.7638210577284333
-0.119161583021695,10,-0.5,Group 5,18,RRG,-0.9863055517937931
-0.021010383657165455,12,1.5,Group 5,18,RRG,-0.25095333261412633
-0.020853304323512734,11,-1.5,Group 5,18,RRG,-0.1726036974834539
-0.0477330115931236,11,-0.5,Group 5,18,RRG,-0.3950881915488137
-0.021010383657165455,12,1.5,Group 5,18,RRG,-0.25095333261412633
-0.30656759003779843,7,-1.5,Group 5,18,RRG,-2.5374731384633726
-0.3334472973074093,7,-0.5,Group 5,18,RRG,-2.7599576325287325
-0.16386752651430825,10,1.5,Group 5,18,RRG,-1.9572751529444152
-0.09228187575208413,10,-1.5,Group 5,18,RRG,-0.7638210577284333
-0.119161583021695,10,-0.5,Group 5,18,RRG,-0.9863055517937931
-0.16386752651430825,10,1.5,Group 5,18,RRG,-1.9572751529444152
-0.020853304323512734,11,-1.5,Group 5,18,RRG,-0.1726036974834539
-0.0477330115931236,11,-0.5,Group 5,18,RRG,-0.3950881915488137
0.05041818777140605,13,1.5,Group 5,18,RRG,0.6022075775510195
0.10297263867743367,9,-1.5,Group 1,2,BB,0.6186635926028743
0.02038927799998591,9,-0.5,Group 1,2,BB,0.12249957017770778
0.09213149196294268,12,1.5,Group 1,2,BB,1.0885834535113224
0.24582978153457646,11,-1.5,Group 1,2,BB,1.4769548276739486
0.1632464208571287,11,-0.5,Group 1,2,BB,0.9807908052487819
0.1635600633915142,13,1.5,Group 1,2,BB,1.932550693251342
0.10297263867743367,9,-1.5,Group 1,2,BB,0.6186635926028743
0.02038927799998591,9,-0.5,Group 1,2,BB,0.12249957017770778
0.1635600633915142,13,1.5,Group 1,2,BB,1.932550693251342
-0.039884504179709235,7,-1.5,Group 1,2,BB,-0.23962764246820054
-0.122467864857157,7,-0.5,Group 1,2,BB,-0.7357916648933671
0.020702920534371283,11,1.5,Group 1,2,BB,0.24461621377130402
0.24582978153457646,11,-1.5,Group 1,2,BB,1.4769548276739486
0.1632464208571287,11,-0.5,Group 1,2,BB,0.9807908052487819
0.09213149196294268,12,1.5,Group 1,2,BB,1.0885834535113224
0.17440121010600507,10,-1.5,Group 1,2,BB,1.0478092101384113
0.09181784942855731,10,-0.5,Group 1,2,BB,0.5516451877132449
0.09213149196294268,12,1.5,Group 1,2,BB,1.0885834535113224
-0.039884504179709235,7,-1.5,Group 1,2,BB,-0.23962764246820054
-0.122467864857157,7,-0.5,Group 1,2,BB,-0.7357916648933671
0.020702920534371283,11,1.5,Group 1,2,BB,0.24461621377130402
-0.039884504179709235,7,-1.5,Group 1,2,BB,-0.23962764246820054
-0.122467864857157,7,-0.5,Group 1,2,BB,-0.7357916648933671
0.020702920534371283,11,1.5,Group 1,2,BB,0.24461621377130402
0.10297263867743367,9,-1.5,Group 1,2,BB,0.6186635926028743
0.02038927799998591,9,-0.5,Group 1,2,BB,0.12249957017770778
0.1635600633915142,13,1.5,Group 1,2,BB,1.932550693251342
0.24582978153457646,11,-1.5,Group 1,2,BB,1.4769548276739486
0.1632464208571287,11,-0.5,Group 1,2,BB,0.9807908052487819
0.1635600633915142,13,1.5,Group 1,2,BB,1.932550693251342
-0.039884504179709235,7,-1.5,Group 1,2,BB,-0.23962764246820054
-0.122467864857157,7,-0.5,Group 1,2,BB,-0.7357916648933671
0.020702920534371283,11,1.5,Group 1,2,BB,0.24461621377130402
-0.039884504179709235,7,-1.5,Group 1,2,BB,-0.23962764246820054
-0.122467864857157,7,-0.5,Group 1,2,BB,-0.7357916648933671
0.020702920534371283,11,1.5,Group 1,2,BB,0.24461621377130402
0.24582978153457646,11,-1.5,Group 1,2,BB,1.4769548276739486
0.1632464208571287,11,-0.5,Group 1,2,BB,0.9807908052487819
0.1635600633915142,13,1.5,Group 1,2,BB,1.932550693251342
0.17440121010600507,10,-1.5,Group 1,2,BB,1.0478092101384113
0.09181784942855731,10,-0.5,Group 1,2,BB,0.5516451877132449
0.020702920534371283,11,1.5,Group 1,2,BB,0.24461621377130402
0.31725835296314786,12,-1.5,Group 1,2,BB,1.9061004452094856
0.2346749922857001,12,-0.5,Group 1,2,BB,1.409936422784319
0.09213149196294268,12,1.5,Group 1,2,BB,1.0885834535113224
-0.039884504179709235,7,-1.5,Group 1,2,BB,-0.23962764246820054
-0.122467864857157,7,-0.5,Group 1,2,BB,-0.7357916648933671
0.020702920534371283,11,1.5,Group 1,2,BB,0.24461621377130402
-0.11131307560828069,6,-1.5,Group 1,2,BB,-0.6687732600037379
-0.19389643628572845,6,-0.5,Group 1,2,BB,-1.1649372824289046
0.09213149196294268,12,1.5,Group 1,2,BB,1.0885834535113224
-0.25417021846542354,4,-1.5,Group 1,2,BB,-1.5270644950748125
-0.3367535791428713,4,-0.5,Group 1,2,BB,-2.023228517499979
-0.050725650894200114,10,1.5,Group 1,2,BB,-0.5993510259687144
-0.32559878989399493,3,-1.5,Group 1,2,BB,-1.9562101126103495
-0.4081821505714427,3,-0.5,Group 1,2,BB,-2.452374135035516
-0.12215422232277151,9,1.5,Group 1,2,BB,-1.443318265708733
-0.18274164703685208,5,-1.5,Group 1,2,BB,-1.097918877539275
-0.26532500771429984,5,-0.5,Group 1,2,BB,-1.5940828999644416
-0.12215422232277151,9,1.5,Group 1,2,BB,-1.443318265708733
-0.11131307560828069,6,-1.5,Group 1,2,BB,-0.6687732600037379
-0.19389643628572845,6,-0.5,Group 1,2,BB,-1.1649372824289046
0.020702920534371283,11,1.5,Group 1,2,BB,0.24461621377130402
0.03154406724886216,8,-1.5,Group 1,2,BB,0.18951797506733656
-0.0510392934285856,8,-0.5,Group 1,2,BB,-0.30664604735782997
-0.050725650894200114,10,1.5,Group 1,2,BB,-0.5993510259687144
-0.039884504179709235,7,-1.5,Group 1,2,BB,-0.23962764246820054
-0.122467864857157,7,-0.5,Group 1,2,BB,-0.7357916648933671
0.020702920534371283,11,1.5,Group 1,2,BB,0.24461621377130402
-0.18274164703685208,5,-1.5,Group 1,2,BB,-1.097918877539275
-0.26532500771429984,5,-0.5,Group 1,2,BB,-1.5940828999644416
-0.050725650894200114,10,1.5,Group 1,2,BB,-0.5993510259687144
0.13214153130190576,9,-1.5,Group 1,15,BB,0.9947544792035158
0.04825402197439577,9,-0.5,Group 1,15,BB,0.3632537327643546
-0.029043517176495115,10,1.5,Group 1,15,BB,-0.48516658422829345
0.13214153130190576,9,-1.5,Group 1,15,BB,0.9947544792035158
0.04825402197439577,9,-0.5,Group 1,15,BB,0.3632537327643546
0.04238505425207628,11,1.5,Group 1,15,BB,0.7080344941986925
0.06071295987333425,8,-1.5,Group 1,15,BB,0.45704396024985033
-0.02317454945417574,8,-0.5,Group 1,15,BB,-0.17445678618931093
0.04238505425207628,11,1.5,Group 1,15,BB,0.7080344941986925
0.06071295987333425,8,-1.5,Group 1,15,BB,0.45704396024985033
-0.02317454945417574,8,-0.5,Group 1,15,BB,-0.17445678618931093
-0.029043517176495115,10,1.5,Group 1,15,BB,-0.48516658422829345
0.06071295987333425,8,-1.5,Group 1,15,BB,0.45704396024985033
-0.02317454945417574,8,-0.5,Group 1,15,BB,-0.17445678618931093
0.04238505425207628,11,1.5,Group 1,15,BB,0.7080344941986925
0.06071295987333425,8,-1.5,Group 1,15,BB,0.45704396024985033
-0.02317454945417574,8,-0.5,Group 1,15,BB,-0.17445678618931093
-0.029043517176495115,10,1.5,Group 1,15,BB,-0.48516658422829345
0.13214153130190576,9,-1.5,Group 1,15,BB,0.9947544792035158
0.04825402197439577,9,-0.5,Group 1,15,BB,0.3632537327643546
0.04238505425207628,11,1.5,Group 1,15,BB,0.7080344941986925
0.20357010273047715,10,-1.5,Group 1,15,BB,1.5324649981571805
0.11968259340296716,10,-0.5,Group 1,15,BB,0.9009642517180193
0.04238505425207628,11,1.5,Group 1,15,BB,0.7080344941986925
0.06071295987333425,8,-1.5,Group 1,15,BB,0.45704396024985033
-0.02317454945417574,8,-0.5,Group 1,15,BB,-0.17445678618931093
0.04238505425207628,11,1.5,Group 1,15,BB,0.7080344941986925
0.20357010273047715,10,-1.5,Group 1,15,BB,1.5324649981571805
0.11968259340296716,10,-0.5,Group 1,15,BB,0.9009642517180193
0.11381362568064768,12,1.5,Group 1,15,BB,1.9012355726256784
0.13214153130190576,9,-1.5,Group 1,15,BB,0.9947544792035158
0.04825402197439577,9,-0.5,Group 1,15,BB,0.3632537327643546
0.04238505425207628,11,1.5,Group 1,15,BB,0.7080344941986925
-0.22500132584095145,4,-1.5,Group 1,15,BB,-1.6937981155648092
-0.30888883516846144,4,-0.5,Group 1,15,BB,-2.3252988620039705
-0.0821441829838086,6,-1.5,Group 1,15,BB,-0.6183770776574795
-0.1660316923113186,6,-0.5,Group 1,15,BB,-1.2498778240966408
-0.17190066003363802,8,1.5,Group 1,15,BB,-2.8715687410822675
-0.010715611555237148,7,-1.5,Group 1,15,BB,-0.08066655870381437
-0.09460312088274714,7,-0.5,Group 1,15,BB,-0.7121673051429757
-0.029043517176495115,10,1.5,Group 1,15,BB,-0.48516658422829345
0.06071295987333425,8,-1.5,Group 1,15,BB,0.45704396024985033
-0.02317454945417574,8,-0.5,Group 1,15,BB,-0.17445678618931093
0.04238505425207628,11,1.5,Group 1,15,BB,0.7080344941986925
0.20357010273047715,10,-1.5,Group 1,15,BB,1.5324649981571805
0.11968259340296716,10,-0.5,Group 1,15,BB,0.9009642517180193
-0.029043517176495115,10,1.5,Group 1,15,BB,-0.48516658422829345
0.20357010273047715,10,-1.5,Group 1,15,BB,1.5324649981571805
0.11968259340296716,10,-0.5,Group 1,15,BB,0.9009642517180193
-0.029043517176495115,10,1.5,Group 1,15,BB,-0.48516658422829345
-0.15357275441238,5,-1.5,Group 1,15,BB,-1.1560875966111441
-0.23746026373989,5,-0.5,Group 1,15,BB,-1.7875883430503055
0.13214153130190576,9,-1.5,Group 1,15,BB,0.9947544792035158
0.04825402197439577,9,-0.5,Group 1,15,BB,0.3632537327643546
-0.029043517176495115,10,1.5,Group 1,15,BB,-0.48516658422829345
-0.22500132584095145,4,-1.5,Group 1,15,BB,-1.6937981155648092
-0.30888883516846144,4,-0.5,Group 1,15,BB,-2.3252988620039705
-0.10047208860506651,9,1.5,Group 1,15,BB,-1.6783676626552795
-0.010715611555237148,7,-1.5,Group 1,15,BB,-0.08066655870381437
-0.09460312088274714,7,-0.5,Group 1,15,BB,-0.7121673051429757
0.04238505425207628,11,1.5,Group 1,15,BB,0.7080344941986925
-0.010715611555237148,7,-1.5,Group 1,15,BB,-0.08066655870381437
-0.09460312088274714,7,-0.5,Group 1,15,BB,-0.7121673051429757
0.04238505425207628,11,1.5,Group 1,15,BB,0.7080344941986925
-0.0821441829838086,6,-1.5,Group 1,15,BB,-0.6183770776574795
-0.1660316923113186,6,-0.5,Group 1,15,BB,-1.2498778240966408
-0.029043517176495115,10,1.5,Group 1,15,BB,-0.48516658422829345
-0.0821441829838086,6,-1.5,Group 1,15,BB,-0.6183770776574795
-0.1660316923113186,6,-0.5,Group 1,15,BB,-1.2498778240966408
-0.029043517176495115,10,1.5,Group 1,15,BB,-0.48516658422829345
0.13214153130190576,9,-1.5,Group 1,15,BB,0.9947544792035158
0.04825402197439577,9,-0.5,Group 1,15,BB,0.3632537327643546
0.04238505425207628,11,1.5,Group 1,15,BB,0.7080344941986925
-0.15357275441238,5,-1.5,Group 1,15,BB,-1.1560875966111441
-0.23746026373989,5,-0.5,Group 1,15,BB,-1.7875883430503055
-0.029043517176495115,10,1.5,Group 1,15,BB,-0.48516658422829345
-0.0821441829838086,6,-1.5,Group 1,15,BB,-0.6183770776574795
-0.1660316923113186,6,-0.5,Group 1,15,BB,-1.2498778240966408
-0.029043517176495115,10,1.5,Group 1,15,BB,-0.48516658422829345
0.20357010273047715,10,-1.5,Group 1,15,BB,1.5324649981571805
0.11968259340296716,10,-0.5,Group 1,15,BB,0.9009642517180193
0.11381362568064768,12,1.5,Group 1,15,BB,1.9012355726256784
0.20357010273047715,10,-1.5,Group 1,15,BB,1.5324649981571805
0.11968259340296716,10,-0.5,Group 1,15,BB,0.9009642517180193
0.04238505425207628,11,1.5,Group 1,15,BB,0.7080344941986925
-0.0821441829838086,6,-1.5,Group 1,15,BB,-0.6183770776574795
-0.1660316923113186,6,-0.5,Group 1,15,BB,-1.2498778240966408
-0.029043517176495115,10,1.5,Group 1,15,BB,-0.48516658422829345
0.03229278871069896,9,-1.5,Group 3,7,BB,0.22151294881323072
-0.021592469246076718,9,-0.5,Group 3,7,BB,-0.14811392034633372
0.026168556403703636,11,1.5,Group 3,7,BB,0.34949299958594715
0.03229278871069896,9,-1.5,Group 3,7,BB,0.22151294881323072
-0.021592469246076718,9,-0.5,Group 3,7,BB,-0.14811392034633372
0.026168556403703636,11,1.5,Group 3,7,BB,0.34949299958594715
-0.11056435414644394,7,-1.5,Group 3,7,BB,-0.7584181205290228
-0.16444961210321962,7,-0.5,Group 3,7,BB,-1.1280449896885871
-0.04526001502486776,10,1.5,Group 3,7,BB,-0.604468132224036
-0.11056435414644394,7,-1.5,Group 3,7,BB,-0.7584181205290228
-0.1819929255750154,6,-1.5,Group 3,7,BB,-1.2483836552001495
-0.23587818353179107,6,-0.5,Group 3,7,BB,-1.618010524359714
-0.04526001502486776,10,1.5,Group 3,7,BB,-0.604468132224036
-0.11056435414644394,7,-1.5,Group 3,7,BB,-0.7584181205290228
-0.16444961210321962,7,-0.5,Group 3,7,BB,-1.1280449896885871
-0.04526001502486776,10,1.5,Group 3,7,BB,-0.604468132224036
-0.11056435414644394,7,-1.5,Group 3,7,BB,-0.7584181205290228
-0.16444961210321962,7,-0.5,Group 3,7,BB,-1.1280449896885871
-0.04526001502486776,10,1.5,Group 3,7,BB,-0.604468132224036
-0.11056435414644394,7,-1.5,Group 3,7,BB,-0.7584181205290228
-0.16444961210321962,7,-0.5,Group 3,7,BB,-1.1280449896885871
0.026168556403703636,11,1.5,Group 3,7,BB,0.34949299958594715
-0.03913578271787255,8,-1.5,Group 3,7,BB,-0.2684525858578964
-0.09302104067464823,8,-0.5,Group 3,7,BB,-0.6380794550174609
0.026168556403703636,11,1.5,Group 3,7,BB,0.34949299958594715
0.03229278871069896,9,-1.5,Group 3,7,BB,0.22151294881323072
-0.021592469246076718,9,-0.5,Group 3,7,BB,-0.14811392034633372
0.026168556403703636,11,1.5,Group 3,7,BB,0.34949299958594715
-0.03913578271787255,8,-1.5,Group 3,7,BB,-0.2684525858578964
-0.09302104067464823,8,-0.5,Group 3,7,BB,-0.6380794550174609
-0.04526001502486776,10,1.5,Group 3,7,BB,-0.604468132224036
-0.03913578271787255,8,-1.5,Group 3,7,BB,-0.2684525858578964
-0.09302104067464823,8,-0.5,Group 3,7,BB,-0.6380794550174609
0.026168556403703636,11,1.5,Group 3,7,BB,0.34949299958594715
0.10372136013927036,10,-1.5,Group 3,7,BB,0.711478483484357
0.04983610218249468,10,-0.5,Group 3,7,BB,0.34185161432479266
0.16902569926084654,13,1.5,Group 3,7,BB,2.257415263205915
0.24657850299641315,12,-1.5,Group 3,7,BB,1.6914095528266098
0.19269324503963747,12,-0.5,Group 3,7,BB,1.3217826836670454
0.026168556403703636,11,1.5,Group 3,7,BB,0.34949299958594715
0.38943564585355606,14,-1.5,Group 3,7,BB,2.6713406221688634
0.3355503878967804,14,-0.5,Group 3,7,BB,2.301713753009299
0.09759712783227503,12,1.5,Group 3,7,BB,1.3034541313959302
-0.03913578271787255,8,-1.5,Group 3,7,BB,-0.2684525858578964
-0.09302104067464823,8,-0.5,Group 3,7,BB,-0.6380794550174609
-0.04526001502486776,10,1.5,Group 3,7,BB,-0.604468132224036
-0.11056435414644394,7,-1.5,Group 3,7,BB,-0.7584181205290228
-0.16444961210321962,7,-0.5,Group 3,7,BB,-1.1280449896885871
0.09759712783227503,12,1.5,Group 3,7,BB,1.3034541313959302
0.03229278871069896,9,-1.5,Group 3,7,BB,0.22151294881323072
-0.021592469246076718,9,-0.5,Group 3,7,BB,-0.14811392034633372
0.09759712783227503,12,1.5,Group 3,7,BB,1.3034541313959302
-0.03913578271787255,8,-1.5,Group 3,7,BB,-0.2684525858578964
-0.09302104067464823,8,-0.5,Group 3,7,BB,-0.6380794550174609
-0.04526001502486776,10,1.5,Group 3,7,BB,-0.604468132224036
-0.1819929255750154,6,-1.5,Group 3,7,BB,-1.2483836552001495
-0.23587818353179107,6,-0.5,Group 3,7,BB,-1.618010524359714
-0.11668858645343916,9,1.5,Group 3,7,BB,-1.558429264034019
-0.03913578271787255,8,-1.5,Group 3,7,BB,-0.2684525858578964
-0.09302104067464823,8,-0.5,Group 3,7,BB,-0.6380794550174609
0.09759712783227503,12,1.5,Group 3,7,BB,1.3034541313959302
0.31800707442498466,13,-1.5,Group 3,7,BB,2.181375087497737
0.264121816468209,13,-0.5,Group 3,7,BB,1.8117482183381726
0.16902569926084654,13,1.5,Group 3,7,BB,2.257415263205915
0.24657850299641315,12,-1.5,Group 3,7,BB,1.6914095528266098
0.19269324503963747,12,-0.5,Group 3,7,BB,1.3217826836670454
0.09759712783227503,12,1.5,Group 3,7,BB,1.3034541313959302
-0.11056435414644394,7,-1.5,Group 3,7,BB,-0.7584181205290228
-0.16444961210321962,7,-0.5,Group 3,7,BB,-1.1280449896885871
-0.11668858645343916,9,1.5,Group 3,7,BB,-1.558429264034019
0.021755443734949975,8,-1.5,Group 3,21,RRG,0.1962275441891571
-0.02662655715579554,8,-0.5,Group 3,21,RRG,-0.2401635188208217
0.09715255857735261,11,1.5,Group 3,21,RRG,0.9799522115537762
-0.19253027055076427,5,-1.5,Group 3,21,RRG,-1.7365650010419031
-0.24091227144150978,5,-0.5,Group 3,21,RRG,-2.172956064051882
-0.045704584279790184,9,1.5,Group 3,21,RRG,-0.4610100763065958
-0.19253027055076427,5,-1.5,Group 3,21,RRG,-1.7365650010419031
-0.24091227144150978,5,-0.5,Group 3,21,RRG,-2.172956064051882
-0.045704584279790184,9,1.5,Group 3,21,RRG,-0.4610100763065958
0.09318401516352148,9,-1.5,Group 3,21,RRG,0.8404917259328447
0.04480201427277597,9,-0.5,Group 3,21,RRG,0.40410066292286584
0.09715255857735261,11,1.5,Group 3,21,RRG,0.9799522115537762
0.021755443734949975,8,-1.5,Group 3,21,RRG,0.1962275441891571
-0.02662655715579554,8,-0.5,Group 3,21,RRG,-0.2401635188208217
0.025723987148781213,10,1.5,Group 3,21,RRG,0.25947106762359023
-0.19253027055076427,5,-1.5,Group 3,21,RRG,-1.7365650010419031
-0.24091227144150978,5,-0.5,Group 3,21,RRG,-2.172956064051882
0.025723987148781213,10,1.5,Group 3,21,RRG,0.25947106762359023
-0.04967312769362142,7,-1.5,Group 3,21,RRG,-0.44803663755452944
-0.09805512858436694,7,-0.5,Group 3,21,RRG,-0.8844277005645083
0.09715255857735261,11,1.5,Group 3,21,RRG,0.9799522115537762
-0.04967312769362142,7,-1.5,Group 3,21,RRG,-0.44803663755452944
-0.09805512858436694,7,-0.5,Group 3,21,RRG,-0.8844277005645083
0.09715255857735261,11,1.5,Group 3,21,RRG,0.9799522115537762
-0.04967312769362142,7,-1.5,Group 3,21,RRG,-0.44803663755452944
-0.09805512858436694,7,-0.5,Group 3,21,RRG,-0.8844277005645083
0.09715255857735261,11,1.5,Group 3,21,RRG,0.9799522115537762
0.09318401516352148,9,-1.5,Group 3,21,RRG,0.8404917259328447
0.04480201427277597,9,-0.5,Group 3,21,RRG,0.40410066292286584
0.168581130005924,12,1.5,Group 3,21,RRG,1.7004333554839623
0.09318401516352148,9,-1.5,Group 3,21,RRG,0.8404917259328447
0.04480201427277597,9,-0.5,Group 3,21,RRG,0.40410066292286584
0.09715255857735261,11,1.5,Group 3,21,RRG,0.9799522115537762
-0.04967312769362142,7,-1.5,Group 3,21,RRG,-0.44803663755452944
-0.09805512858436694,7,-0.5,Group 3,21,RRG,-0.8844277005645083
0.025723987148781213,10,1.5,Group 3,21,RRG,0.25947106762359023
-0.04967312769362142,7,-1.5,Group 3,21,RRG,-0.44803663755452944
-0.09805512858436694,7,-0.5,Group 3,21,RRG,-0.8844277005645083
0.09715255857735261,11,1.5,Group 3,21,RRG,0.9799522115537762
0.23604115802066428,11,-1.5,Group 3,21,RRG,2.1290200894202176
0.18765915712991876,11,-0.5,Group 3,21,RRG,1.692629026410239
0.09715255857735261,11,1.5,Group 3,21,RRG,0.9799522115537762
-0.12110169912219287,6,-1.5,Group 3,21,RRG,-1.0923008192982164
-0.1694837000129384,6,-0.5,Group 3,21,RRG,-1.5286918823081954
-0.1885617271369331,7,1.5,Group 3,21,RRG,-1.901972364166969
0.021755443734949975,8,-1.5,Group 3,21,RRG,0.1962275441891571
-0.02662655715579554,8,-0.5,Group 3,21,RRG,-0.2401635188208217
0.025723987148781213,10,1.5,Group 3,21,RRG,0.25947106762359023
0.09318401516352148,9,-1.5,Group 3,21,RRG,0.8404917259328447
0.04480201427277597,9,-0.5,Group 3,21,RRG,0.40410066292286584
-0.045704584279790184,9,1.5,Group 3,21,RRG,-0.4610100763065958
-0.04967312769362142,7,-1.5,Group 3,21,RRG,-0.44803663755452944
-0.09805512858436694,7,-0.5,Group 3,21,RRG,-0.8844277005645083
-0.11713315570836169,8,1.5,Group 3,21,RRG,-1.1814912202367829
0.16461258659209288,10,-1.5,Group 3,21,RRG,1.4847559076765313
0.11623058570134737,10,-0.5,Group 3,21,RRG,1.0483648446665523
-0.045704584279790184,9,1.5,Group 3,21,RRG,-0.4610100763065958
0.09318401516352148,9,-1.5,Group 3,21,RRG,0.8404917259328447
0.04480201427277597,9,-0.5,Group 3,21,RRG,0.40410066292286584
-0.045704584279790184,9,1.5,Group 3,21,RRG,-0.4610100763065958
-0.04967312769362142,7,-1.5,Group 3,21,RRG,-0.44803663755452944
-0.09805512858436694,7,-0.5,Group 3,21,RRG,-0.8844277005645083
0.025723987148781213,10,1.5,Group 3,21,RRG,0.25947106762359023
-0.04967312769362142,7,-1.5,Group 3,21,RRG,-0.44803663755452944
-0.09805512858436694,7,-0.5,Group 3,21,RRG,-0.8844277005645083
-0.11713315570836169,8,1.5,Group 3,21,RRG,-1.1814912202367829
0.09318401516352148,9,-1.5,Group 3,21,RRG,0.8404917259328447
0.04480201427277597,9,-0.5,Group 3,21,RRG,0.40410066292286584
-0.25999029856550454,6,1.5,Group 3,21,RRG,-2.6224535080971556
0.16461258659209288,10,-1.5,Group 3,21,RRG,1.4847559076765313
0.11623058570134737,10,-0.5,Group 3,21,RRG,1.0483648446665523
-0.045704584279790184,9,1.5,Group 3,21,RRG,-0.4610100763065958
0.16461258659209288,10,-1.5,Group 3,21,RRG,1.4847559076765313
0.11623058570134737,10,-0.5,Group 3,21,RRG,1.0483648446665523
0.09715255857735261,11,1.5,Group 3,21,RRG,0.9799522115537762
-0.04967312769362142,7,-1.5,Group 3,21,RRG,-0.44803663755452944
-0.09805512858436694,7,-0.5,Group 3,21,RRG,-0.8844277005645083
0.09715255857735261,11,1.5,Group 3,21,RRG,0.9799522115537762
0.09318401516352148,9,-1.5,Group 3,21,RRG,0.8404917259328447
0.04480201427277597,9,-0.5,Group 3,21,RRG,0.40410066292286584
0.09715255857735261,11,1.5,Group 3,21,RRG,0.9799522115537762
0.09318401516352148,9,-1.5,Group 3,21,RRG,0.8404917259328447
0.04480201427277597,9,-0.5,Group 3,21,RRG,0.40410066292286584
0.09715255857735261,11,1.5,Group 3,21,RRG,0.9799522115537762
0.09318401516352148,9,-1.5,Group 3,21,RRG,0.8404917259328447
0.04480201427277597,9,-0.5,Group 3,21,RRG,0.40410066292286584
0.025723987148781213,10,1.5,Group 3,21,RRG,0.25947106762359023
0.021755443734949975,8,-1.5,Group 3,21,RRG,0.1962275441891571
-0.02662655715579554,8,-0.5,Group 3,21,RRG,-0.2401635188208217
0.09715255857735261,11,1.5,Group 3,21,RRG,0.9799522115537762
-0.04396228425095172,7,-0.5,Group 2,10,BB,-0.4160393794755527
0.0922373817807195,11,1.5,Group 2,10,BB,1.9181788922777852
-0.3212656672138939,2,-1.5,Group 2,10,BB,-3.0403144675443996
-0.4011051413938089,2,-0.5,Group 2,10,BB,-3.7958795129332126
0.03587718992896327,7,-1.5,Group 2,10,BB,0.3395256659132605
-0.04396228425095172,7,-0.5,Group 2,10,BB,-0.4160393794755527
0.0208088103521481,10,1.5,Group 2,10,BB,0.43274234394243655
0.17873433278610618,9,-1.5,Group 2,10,BB,1.6914617192963248
0.09889485860619118,9,-0.5,Group 2,10,BB,0.9358966739075117
0.0208088103521481,10,1.5,Group 2,10,BB,0.43274234394243655
-0.03555138149960818,6,-1.5,Group 2,10,BB,-0.3364423607782717
-0.11539085567952317,6,-0.5,Group 2,10,BB,-1.0920074061670848
0.0208088103521481,10,1.5,Group 2,10,BB,0.43274234394243655
0.03587718992896327,7,-1.5,Group 2,10,BB,0.3395256659132605
-0.04396228425095172,7,-0.5,Group 2,10,BB,-0.4160393794755527
0.0208088103521481,10,1.5,Group 2,10,BB,0.43274234394243655
0.17873433278610618,9,-1.5,Group 2,10,BB,1.6914617192963248
0.09889485860619118,9,-0.5,Group 2,10,BB,0.9358966739075117
0.0208088103521481,10,1.5,Group 2,10,BB,0.43274234394243655
0.03587718992896327,7,-1.5,Group 2,10,BB,0.3395256659132605
-0.04396228425095172,7,-0.5,Group 2,10,BB,-0.4160393794755527
0.0827962870947212,9,-1.5,Group 1,22,BB,0.6678285990157532
0.0014290993333084812,9,-0.5,Group 1,22,BB,0.011527007298357449
0.0063638769962974795,11,1.5,Group 1,22,BB,0.11568700770504238
0.0827962870947212,9,-1.5,Group 1,22,BB,0.6678285990157532
0.0014290993333084812,9,-0.5,Group 1,22,BB,0.011527007298357449
0.0063638769962974795,11,1.5,Group 1,22,BB,0.11568700770504238
-0.060060855762421705,7,-1.5,Group 1,22,BB,-0.4844463268457676
-0.14142804352383442,7,-0.5,Group 1,22,BB,-1.1407479185631633
0.0063638769962974795,11,1.5,Group 1,22,BB,0.11568700770504238
0.011367715666149691,8,-1.5,Group 1,22,BB,0.09169113608499235
-0.06999947209526303,8,-0.5,Group 1,22,BB,-0.5646104556324034
-0.06506469443227392,10,1.5,Group 1,22,BB,-1.1827915295176212
0.2970820013804354,12,-1.5,Group 1,22,BB,2.396240987808033
0.21571481361902267,12,-0.5,Group 1,22,BB,1.7399393960906373
0.07779244842486888,12,1.5,Group 1,22,BB,1.414165544927706
0.2970820013804354,12,-1.5,Group 1,22,BB,2.396240987808033
0.21571481361902267,12,-0.5,Group 1,22,BB,1.7399393960906373
0.07779244842486888,12,1.5,Group 1,22,BB,1.414165544927706
0.011367715666149691,8,-1.5,Group 1,22,BB,0.09169113608499235
-0.06999947209526303,8,-0.5,Group 1,22,BB,-0.5646104556324034
-0.06506469443227392,10,1.5,Group 1,22,BB,-1.1827915295176212
-0.060060855762421705,7,-1.5,Group 1,22,BB,-0.4844463268457676
0.13073995085924506,10,-1.5,Group 1,5,BB,1.3752911870743498
-0.012117191997897847,8,-1.5,Group 1,5,BB,-0.12746423153193595
-0.09175302081894499,8,-0.5,Group 1,5,BB,-0.9651764444641542
-0.009691224427329725,11,1.5,Group 1,5,BB,-0.13025077493025908
0.05931137943067366,9,-1.5,Group 1,5,BB,0.6239134777712075
-0.020324449390373478,9,-0.5,Group 1,5,BB,-0.2137987351610107
0.06173734700124167,12,1.5,Group 1,5,BB,0.8297545216652987
0.05931137943067366,9,-1.5,Group 1,5,BB,0.6239134777712075
-0.020324449390373478,9,-0.5,Group 1,5,BB,-0.2137987351610107
0.06173734700124167,12,1.5,Group 1,5,BB,0.8297545216652987
0.13073995085924506,10,-1.5,Group 1,5,BB,1.3752911870743498
0.05110412203819792,10,-0.5,Group 1,5,BB,0.5375789741421316
-0.009691224427329725,11,1.5,Group 1,5,BB,-0.13025077493025908
0.05931137943067366,9,-1.5,Group 1,5,BB,0.6239134777712075
-0.020324449390373478,9,-0.5,Group 1,5,BB,-0.2137987351610107
-0.009691224427329725,11,1.5,Group 1,5,BB,-0.13025077493025908
0.05931137943067366,9,-1.5,Group 1,5,BB,0.6239134777712075
-0.020324449390373478,9,-0.5,Group 1,5,BB,-0.2137987351610107
0.06173734700124167,12,1.5,Group 1,5,BB,0.8297545216652987
-0.08354576342646924,7,-1.5,Group 1,5,BB,-0.8788419408350783
-0.16318159224751638,7,-0.5,Group 1,5,BB,-1.7165541537672964
-0.08111979585590112,10,1.5,Group 1,5,BB,-1.090256071525817
0.13073995085924506,10,-1.5,Group 1,5,BB,1.3752911870743498
0.05110412203819792,10,-0.5,Group 1,5,BB,0.5375789741421316
-0.08111979585590112,10,1.5,Group 1,5,BB,-1.090256071525817
-0.012117191997897847,8,-1.5,Group 1,5,BB,-0.12746423153193595
-0.09175302081894499,8,-0.5,Group 1,5,BB,-0.9651764444641542
-0.009691224427329725,11,1.5,Group 1,5,BB,-0.13025077493025908
-0.012117191997897847,8,-1.5,Group 1,5,BB,-0.12746423153193595
-0.09175302081894499,8,-0.5,Group 1,5,BB,-0.9651764444641542
-0.15254836728447252,9,1.5,Group 1,5,BB,-2.0502613681213746
-0.08354576342646924,7,-1.5,Group 1,5,BB,-0.8788419408350783
-0.16318159224751638,7,-0.5,Group 1,5,BB,-1.7165541537672964
0.0208088103521481,10,1.5,Group 2,10,BB,0.43274234394243655
0.10730576135753467,8,-1.5,Group 2,10,BB,1.0154936926047922
0.027466287177619675,8,-0.5,Group 2,10,BB,0.25992864721597897
0.0208088103521481,10,1.5,Group 2,10,BB,0.43274234394243655
-0.03555138149960818,6,-1.5,Group 2,10,BB,-0.3364423607782717
-0.11539085567952317,6,-0.5,Group 2,10,BB,-1.0920074061670848
0.0208088103521481,10,1.5,Group 2,10,BB,0.43274234394243655
0.03587718992896327,7,-1.5,Group 2,10,BB,0.3395256659132605
-0.04396228425095172,7,-0.5,Group 2,10,BB,-0.4160393794755527
0.0922373817807195,11,1.5,Group 2,10,BB,1.9181788922777852
0.03587718992896327,7,-1.5,Group 2,10,BB,0.3395256659132605
-0.04396228425095172,7,-0.5,Group 2,10,BB,-0.4160393794755527
-0.0506197610764233,9,1.5,Group 2,10,BB,-1.052694204392912
-0.03555138149960818,6,-1.5,Group 2,10,BB,-0.3364423607782717
-0.11539085567952317,6,-0.5,Group 2,10,BB,-1.0920074061670848
0.0922373817807195,11,1.5,Group 2,10,BB,1.9181788922777852
-0.17840852435675103,4,-1.5,Group 2,10,BB,-1.6883784141613356
-0.258247998536666,4,-0.5,Group 2,10,BB,-2.4439434595501486
-0.1220483325049948,8,1.5,Group 2,10,BB,-2.5381307527282626
0.10730576135753467,8,-1.5,Group 2,10,BB,1.0154936926047922
0.027466287177619675,8,-0.5,Group 2,10,BB,0.25992864721597897
0.0922373817807195,11,1.5,Group 2,10,BB,1.9181788922777852
-0.10697995292817958,5,-1.5,Group 2,10,BB,-1.0124103874698034
-0.18681942710809457,5,-0.5,Group 2,10,BB,-1.7679754328586166
0.0208088103521481,10,1.5,Group 2,10,BB,0.43274234394243655
-0.03555138149960818,6,-1.5,Group 2,10,BB,-0.3364423607782717
-0.11539085567952317,6,-0.5,Group 2,10,BB,-1.0920074061670848
0.0208088103521481,10,1.5,Group 2,10,BB,0.43274234394243655
0.03587718992896327,7,-1.5,Group 2,10,BB,0.3395256659132605
-0.04396228425095172,7,-0.5,Group 2,10,BB,-0.4160393794755527
0.0922373817807195,11,1.5,Group 2,10,BB,1.9181788922777852
-0.03555138149960818,6,-1.5,Group 2,10,BB,-0.3364423607782717
-0.11539085567952317,6,-0.5,Group 2,10,BB,-1.0920074061670848
0.0208088103521481,10,1.5,Group 2,10,BB,0.43274234394243655
0.10730576135753467,8,-1.5,Group 2,10,BB,1.0154936926047922
0.027466287177619675,8,-0.5,Group 2,10,BB,0.25992864721597897
0.0208088103521481,10,1.5,Group 2,10,BB,0.43274234394243655
0.10730576135753467,8,-1.5,Group 2,10,BB,1.0154936926047922
0.027466287177619675,8,-0.5,Group 2,10,BB,0.25992864721597897
0.0922373817807195,11,1.5,Group 2,10,BB,1.9181788922777852
0.03587718992896327,7,-1.5,Group 2,10,BB,0.3395256659132605
-0.04396228425095172,7,-0.5,Group 2,10,BB,-0.4160393794755527
0.0922373817807195,11,1.5,Group 2,10,BB,1.9181788922777852
0.10730576135753467,8,-1.5,Group 2,10,BB,1.0154936926047922
0.027466287177619675,8,-0.5,Group 2,10,BB,0.25992864721597897
0.0208088103521481,10,1.5,Group 2,10,BB,0.43274234394243655
-0.03555138149960818,6,-1.5,Group 2,10,BB,-0.3364423607782717
-0.11539085567952317,6,-0.5,Group 2,10,BB,-1.0920074061670848
0.0208088103521481,10,1.5,Group 2,10,BB,0.43274234394243655
-0.04271226818373486,7,-1.5,Group 5,20,RRG,-0.29660889336403534
-0.08750619656218905,7,-0.5,Group 5,20,RRG,-0.6076735614497416
0.042017055083194754,10,1.5,Group 5,20,RRG,0.536986073610067
-0.04271226818373486,7,-1.5,Group 5,20,RRG,-0.29660889336403534
-0.08750619656218905,7,-0.5,Group 5,20,RRG,-0.6076735614497416
0.11344562651176615,11,1.5,Group 5,20,RRG,1.4498570027853435
0.10014487467340805,9,-1.5,Group 5,20,RRG,0.695440952121363
0.05535094629495385,9,-0.5,Group 5,20,RRG,0.38437628403565677
0.11344562651176615,11,1.5,Group 5,20,RRG,1.4498570027853435
0.02871630324483654,8,-1.5,Group 5,20,RRG,0.19941602937866346
-0.016077625133617657,8,-0.5,Group 5,20,RRG,-0.11164863870704284
0.11344562651176615,11,1.5,Group 5,20,RRG,1.4498570027853435
-0.04271226818373486,7,-1.5,Group 5,20,RRG,-0.29660889336403534
-0.08750619656218905,7,-0.5,Group 5,20,RRG,-0.6076735614497416
0.11344562651176615,11,1.5,Group 5,20,RRG,1.4498570027853435
0.17157344610197944,10,-1.5,Group 5,20,RRG,1.1914658748640619
0.12677951772352525,10,-0.5,Group 5,20,RRG,0.8804012067783555
0.18487419794033755,12,1.5,Group 5,20,RRG,2.36272793196062
0.10014487467340805,9,-1.5,Group 5,20,RRG,0.695440952121363
0.05535094629495385,9,-0.5,Group 5,20,RRG,0.38437628403565677
0.11344562651176615,11,1.5,Group 5,20,RRG,1.4498570027853435
-0.04271226818373486,7,-1.5,Group 5,20,RRG,-0.29660889336403534
-0.08750619656218905,7,-0.5,Group 5,20,RRG,-0.6076735614497416
0.042017055083194754,10,1.5,Group 5,20,RRG,0.536986073610067
0.02871630324483654,8,-1.5,Group 5,20,RRG,0.19941602937866346
-0.016077625133617657,8,-0.5,Group 5,20,RRG,-0.11164863870704284
0.11344562651176615,11,1.5,Group 5,20,RRG,1.4498570027853435
-0.04271226818373486,7,-1.5,Group 5,20,RRG,-0.29660889336403534
-0.08750619656218905,7,-0.5,Group 5,20,RRG,-0.6076735614497416
0.11344562651176615,11,1.5,Group 5,20,RRG,1.4498570027853435
-0.32842655389802056,3,-1.5,Group 5,20,RRG,-2.2807085843348314
-0.37322048227647475,3,-0.5,Group 5,20,RRG,-2.5917732524205377
-0.029411516345376643,9,1.5,Group 5,20,RRG,-0.37588485556520945
0.11344562651176615,11,1.5,Group 5,20,RRG,1.4498570027853435
-0.04271226818373486,7,-1.5,Group 5,20,RRG,-0.29660889336403534
-0.08750619656218905,7,-0.5,Group 5,20,RRG,-0.6076735614497416
0.02871630324483654,8,-1.5,Group 5,20,RRG,0.19941602937866346
-0.016077625133617657,8,-0.5,Group 5,20,RRG,-0.11164863870704284
0.11344562651176615,11,1.5,Group 5,20,RRG,1.4498570027853435
-0.11414083961230631,6,-1.5,Group 5,20,RRG,-0.7926338161067346
-0.1589347679907605,6,-0.5,Group 5,20,RRG,-1.1036984841924409
0.042017055083194754,10,1.5,Group 5,20,RRG,0.536986073610067
-0.11414083961230631,6,-1.5,Group 5,20,RRG,-0.7926338161067346
-0.1589347679907605,6,-0.5,Group 5,20,RRG,-1.1036984841924409
0.11344562651176615,11,1.5,Group 5,20,RRG,1.4498570027853435
-0.11414083961230631,6,-1.5,Group 5,20,RRG,-0.7926338161067346
-0.1589347679907605,6,-0.5,Group 5,20,RRG,-1.1036984841924409
0.042017055083194754,10,1.5,Group 5,20,RRG,0.536986073610067
-0.04271226818373486,7,-1.5,Group 5,20,RRG,-0.29660889336403534
-0.08750619656218905,7,-0.5,Group 5,20,RRG,-0.6076735614497416
0.11344562651176615,11,1.5,Group 5,20,RRG,1.4498570027853435
0.10014487467340805,9,-1.5,Group 5,20,RRG,0.695440952121363
0.05535094629495385,9,-0.5,Group 5,20,RRG,0.38437628403565677
0.11344562651176615,11,1.5,Group 5,20,RRG,1.4498570027853435
-0.04271226818373486,7,-1.5,Group 5,20,RRG,-0.29660889336403534
-0.08750619656218905,7,-0.5,Group 5,20,RRG,-0.6076735614497416
-0.029411516345376643,9,1.5,Group 5,20,RRG,-0.37588485556520945
-0.1855694110408777,5,-1.5,Group 5,20,RRG,-1.2886587388494333
-0.2303633394193319,5,-0.5,Group 5,20,RRG,-1.5997234069351396
-0.029411516345376643,9,1.5,Group 5,20,RRG,-0.37588485556520945
-0.399855125326592,2,-1.5,Group 5,20,RRG,-2.7767335070775307
-0.4446490537050462,2,-0.5,Group 5,20,RRG,-3.087798175163237
0.11344562651176615,11,1.5,Group 5,20,RRG,1.4498570027853435
-0.11414083961230631,6,-1.5,Group 5,20,RRG,-0.7926338161067346
-0.1589347679907605,6,-0.5,Group 5,20,RRG,-1.1036984841924409
-0.10084008777394815,8,1.5,Group 5,20,RRG,-1.2887557847404874
0.02871630324483654,8,-1.5,Group 5,20,RRG,0.19941602937866346
-0.016077625133617657,8,-0.5,Group 5,20,RRG,-0.11164863870704284
0.11344562651176615,11,1.5,Group 5,20,RRG,1.4498570027853435
0.31443058895912224,12,-1.5,Group 5,20,RRG,2.1835157203494595
0.26963666058066804,12,-0.5,Group 5,20,RRG,1.8724510522637532
0.25630276936890906,13,1.5,Group 5,20,RRG,3.2755988611358977
0.24300201753055084,11,-1.5,Group 5,20,RRG,1.6874907976067606
0.19820808915209664,11,-0.5,Group 5,20,RRG,1.3764261295210545
0.25630276936890906,13,1.5,Group 5,20,RRG,3.2755988611358977
-0.04271226818373486,7,-1.5,Group 5,20,RRG,-0.29660889336403534
-0.08750619656218905,7,-0.5,Group 5,20,RRG,-0.6076735614497416
0.11344562651176615,11,1.5,Group 5,20,RRG,1.4498570027853435
-0.11414083961230631,6,-1.5,Group 5,20,RRG,-0.7926338161067346
-0.1589347679907605,6,-0.5,Group 5,20,RRG,-1.1036984841924409
0.11344562651176615,11,1.5,Group 5,20,RRG,1.4498570027853435
-0.04271226818373486,7,-1.5,Group 5,20,RRG,-0.29660889336403534
-0.08750619656218905,7,-0.5,Group 5,20,RRG,-0.6076735614497416
0.18487419794033755,12,1.5,Group 5,20,RRG,2.36272793196062
0.10014487467340805,9,-1.5,Group 5,20,RRG,0.695440952121363
0.05535094629495385,9,-0.5,Group 5,20,RRG,0.38437628403565677
0.18487419794033755,12,1.5,Group 5,20,RRG,2.36272793196062
-0.04271226818373486,7,-1.5,Group 5,20,RRG,-0.29660889336403534
-0.08750619656218905,7,-0.5,Group 5,20,RRG,-0.6076735614497416
0.11344562651176615,11,1.5,Group 5,20,RRG,1.4498570027853435
-0.027326518425859092,9,-1.5,Group 3,12,RRG,-0.2249658759269225
-0.06953565095939107,9,-0.5,Group 3,12,RRG,-0.5724530429542406
-6.368477787803695e-4,11,1.5,Group 3,12,RRG,-0.010485713265972828
0.044102053002712305,10,-1.5,Group 3,12,RRG,0.36307065647053155
0.0018929204691803259,10,-0.5,Group 3,12,RRG,0.015583489443213455
-0.07206541920735177,10,1.5,Group 3,12,RRG,-1.186558778060881
0.1869591958598551,12,-1.5,Group 3,12,RRG,1.5391437212654395
0.14475006332632312,12,-0.5,Group 3,12,RRG,1.1916565542381214
-6.368477787803695e-4,11,1.5,Group 3,12,RRG,-0.010485713265972828
-0.24161223271157345,6,-1.5,Group 3,12,RRG,-1.989075473119286
-0.28382136524510543,6,-0.5,Group 3,12,RRG,-2.336562640146604
-6.368477787803695e-4,11,1.5,Group 3,12,RRG,-0.010485713265972828
-0.0987550898544306,8,-1.5,Group 3,12,RRG,-0.8130024083243774
-0.14096422238796258,8,-0.5,Group 3,12,RRG,-1.1604895753516955
-6.368477787803695e-4,11,1.5,Group 3,12,RRG,-0.010485713265972828
0.1155306244312837,11,-1.5,Group 3,12,RRG,0.9511071888679855
0.07332149189775172,11,-0.5,Group 3,12,RRG,0.6036200218406674
-6.368477787803695e-4,11,1.5,Group 3,12,RRG,-0.010485713265972828
0.2583877672884266,13,-1.5,Group 3,12,RRG,2.1271802536628943
0.21617863475489463,13,-0.5,Group 3,12,RRG,1.7796930866355765
-6.368477787803695e-4,11,1.5,Group 3,12,RRG,-0.010485713265972828
0.044102053002712305,10,-1.5,Group 3,12,RRG,0.36307065647053155
0.0018929204691803259,10,-0.5,Group 3,12,RRG,0.015583489443213455
-0.07206541920735177,10,1.5,Group 3,12,RRG,-1.186558778060881
0.1155306244312837,11,-1.5,Group 3,12,RRG,0.9511071888679855
0.07332149189775172,11,-0.5,Group 3,12,RRG,0.6036200218406674
-6.368477787803695e-4,11,1.5,Group 3,12,RRG,-0.010485713265972828
-0.170183661283002,7,-1.5,Group 3,12,RRG,-1.4010389407218315
-0.21239279381653398,7,-0.5,Group 3,12,RRG,-1.7485261077491496
-0.07206541920735177,10,1.5,Group 3,12,RRG,-1.186558778060881
0.044102053002712305,10,-1.5,Group 3,12,RRG,0.36307065647053155
0.0018929204691803259,10,-0.5,Group 3,12,RRG,0.015583489443213455
0.14222029507836254,13,1.5,Group 3,12,RRG,2.3416604163238453
0.044102053002712305,10,-1.5,Group 3,12,RRG,0.36307065647053155
0.0018929204691803259,10,-0.5,Group 3,12,RRG,0.015583489443213455
-6.368477787803695e-4,11,1.5,Group 3,12,RRG,-0.010485713265972828
-0.027326518425859092,9,-1.5,Group 3,12,RRG,-0.2249658759269225
-0.06953565095939107,9,-0.5,Group 3,12,RRG,-0.5724530429542406
-6.368477787803695e-4,11,1.5,Group 3,12,RRG,-0.010485713265972828
-0.027326518425859092,9,-1.5,Group 3,12,RRG,-0.2249658759269225
-0.06953565095939107,9,-0.5,Group 3,12,RRG,-0.5724530429542406
0.07079172364979103,12,1.5,Group 3,12,RRG,1.1655873515289354
-0.0987550898544306,8,-1.5,Group 3,12,RRG,-0.8130024083243774
-0.14096422238796258,8,-0.5,Group 3,12,RRG,-1.1604895753516955
-6.368477787803695e-4,11,1.5,Group 3,12,RRG,-0.010485713265972828
-0.24161223271157345,6,-1.5,Group 3,12,RRG,-1.989075473119286
-0.28382136524510543,6,-0.5,Group 3,12,RRG,-2.336562640146604
-0.07206541920735177,10,1.5,Group 3,12,RRG,-1.186558778060881
0.1155306244312837,11,-1.5,Group 3,12,RRG,0.9511071888679855
0.07332149189775172,11,-0.5,Group 3,12,RRG,0.6036200218406674
0.07079172364979103,12,1.5,Group 3,12,RRG,1.1655873515289354
0.044102053002712305,10,-1.5,Group 3,12,RRG,0.36307065647053155
0.0018929204691803259,10,-0.5,Group 3,12,RRG,0.015583489443213455
0.07079172364979103,12,1.5,Group 3,12,RRG,1.1655873515289354
-0.027326518425859092,9,-1.5,Group 3,12,RRG,-0.2249658759269225
-0.06953565095939107,9,-0.5,Group 3,12,RRG,-0.5724530429542406
-0.07206541920735177,10,1.5,Group 3,12,RRG,-1.186558778060881
0.1155306244312837,11,-1.5,Group 3,12,RRG,0.9511071888679855
0.07332149189775172,11,-0.5,Group 3,12,RRG,0.6036200218406674
-0.07206541920735177,10,1.5,Group 3,12,RRG,-1.186558778060881
0.1155306244312837,11,-1.5,Group 3,12,RRG,0.9511071888679855
0.07332149189775172,11,-0.5,Group 3,12,RRG,0.6036200218406674
-6.368477787803695e-4,11,1.5,Group 3,12,RRG,-0.010485713265972828
-0.027326518425859092,9,-1.5,Group 3,12,RRG,-0.2249658759269225
-0.06953565095939107,9,-0.5,Group 3,12,RRG,-0.5724530429542406
-6.368477787803695e-4,11,1.5,Group 3,12,RRG,-0.010485713265972828
-0.0987550898544306,8,-1.5,Group 3,12,RRG,-0.8130024083243774
-0.14096422238796258,8,-0.5,Group 3,12,RRG,-1.1604895753516955
-0.07206541920735177,10,1.5,Group 3,12,RRG,-1.186558778060881
0.1155306244312837,11,-1.5,Group 3,12,RRG,0.9511071888679855
0.07332149189775172,11,-0.5,Group 3,12,RRG,0.6036200218406674
-0.07206541920735177,10,1.5,Group 3,12,RRG,-1.186558778060881
-0.0987550898544306,8,-1.5,Group 3,12,RRG,-0.8130024083243774
-0.14096422238796258,8,-0.5,Group 3,12,RRG,-1.1604895753516955
-0.07206541920735177,10,1.5,Group 3,12,RRG,-1.186558778060881
0.1155306244312837,11,-1.5,Group 3,12,RRG,0.9511071888679855
0.07332149189775172,11,-0.5,Group 3,12,RRG,0.6036200218406674
0.07079172364979103,12,1.5,Group 3,12,RRG,1.1655873515289354
0.1155306244312837,11,-1.5,Group 3,12,RRG,0.9511071888679855
0.07332149189775172,11,-0.5,Group 3,12,RRG,0.6036200218406674
0.07079172364979103,12,1.5,Group 3,12,RRG,1.1655873515289354
0.1155306244312837,11,-1.5,Group 3,12,RRG,0.9511071888679855
0.07332149189775172,11,-0.5,Group 3,12,RRG,0.6036200218406674
0.07079172364979103,12,1.5,Group 3,12,RRG,1.1655873515289354
0.1155306244312837,11,-1.5,Group 3,12,RRG,0.9511071888679855
0.07332149189775172,11,-0.5,Group 3,12,RRG,0.6036200218406674
0.07079172364979103,12,1.5,Group 3,12,RRG,1.1655873515289354
0.1155306244312837,11,-1.5,Group 3,12,RRG,0.9511071888679855
0.07332149189775172,11,-0.5,Group 3,12,RRG,0.6036200218406674
0.07079172364979103,12,1.5,Group 3,12,RRG,1.1655873515289354
-0.0929251866202741,4,-1.5,Group 1,11,BB,-0.622158229142755
-0.17557126916143806,4,-0.5,Group 1,11,BB,-1.1754951900843875
-0.05692237990167692,8,1.5,Group 1,11,BB,-0.6853113580923645
0.049931956236868746,6,-1.5,Group 1,11,BB,0.33430739931584935
-0.03271412630429521,6,-0.5,Group 1,11,BB,-0.21902956162578313
0.15736333438403738,11,1.5,Group 1,11,BB,1.8945602869547362
0.049931956236868746,6,-1.5,Group 1,11,BB,0.33430739931584935
-0.03271412630429521,6,-0.5,Group 1,11,BB,-0.21902956162578313
0.15736333438403738,11,1.5,Group 1,11,BB,1.8945602869547362
0.049931956236868746,6,-1.5,Group 1,11,BB,0.33430739931584935
-0.03271412630429521,6,-0.5,Group 1,11,BB,-0.21902956162578313
-0.05692237990167692,8,1.5,Group 1,11,BB,-0.6853113580923645
-0.0929251866202741,4,-1.5,Group 1,11,BB,-0.622158229142755
-0.17557126916143806,4,-0.5,Group 1,11,BB,-1.1754951900843875
0.08593476295546598,10,1.5,Group 1,11,BB,1.0346030719390364
-0.02149661519170265,5,-1.5,Group 1,11,BB,-0.1439254149134526
-0.10414269773286661,5,-0.5,Group 1,11,BB,-0.6972623758550851
0.08593476295546598,10,1.5,Group 1,11,BB,1.0346030719390364
-0.16435375804884553,3,-1.5,Group 1,11,BB,-1.1003910433720572
-0.24699984059000948,3,-0.5,Group 1,11,BB,-1.6537280043136895
0.08593476295546598,10,1.5,Group 1,11,BB,1.0346030719390364
0.1213605276654402,7,-1.5,Group 1,11,BB,0.8125402135451517
0.03871444512427624,7,-0.5,Group 1,11,BB,0.2592032526035192
0.15736333438403738,11,1.5,Group 1,11,BB,1.8945602869547362
-0.02149661519170265,5,-1.5,Group 1,11,BB,-0.1439254149134526
-0.10414269773286661,5,-0.5,Group 1,11,BB,-0.6972623758550851
0.15736333438403738,11,1.5,Group 1,11,BB,1.8945602869547362
0.22879190581260878,12,1.5,Group 1,11,BB,2.7545175019704358
0.3356462419511545,10,-1.5,Group 1,11,BB,2.2472386562330584
0.25300015940999054,10,-0.5,Group 1,11,BB,1.6939016952914259
-0.0929251866202741,4,-1.5,Group 1,11,BB,-0.622158229142755
-0.17557126916143806,4,-0.5,Group 1,11,BB,-1.1754951900843875
0.014506191526894585,9,1.5,Group 1,11,BB,0.17464585692333662
-0.16435375804884553,3,-1.5,Group 1,11,BB,-1.1003910433720572
-0.24699984059000948,3,-0.5,Group 1,11,BB,-1.6537280043136895
-0.05692237990167692,8,1.5,Group 1,11,BB,-0.6853113580923645
-0.0929251866202741,4,-1.5,Group 1,11,BB,-0.622158229142755
-0.17557126916143806,4,-0.5,Group 1,11,BB,-1.1754951900843875
0.15736333438403738,11,1.5,Group 1,11,BB,1.8945602869547362
-0.16435375804884553,3,-1.5,Group 1,11,BB,-1.1003910433720572
-0.24699984059000948,3,-0.5,Group 1,11,BB,-1.6537280043136895
0.08593476295546598,10,1.5,Group 1,11,BB,1.0346030719390364
-0.0929251866202741,4,-1.5,Group 1,11,BB,-0.622158229142755
-0.17557126916143806,4,-0.5,Group 1,11,BB,-1.1754951900843875
0.15736333438403738,11,1.5,Group 1,11,BB,1.8945602869547362
-0.0929251866202741,4,-1.5,Group 1,11,BB,-0.622158229142755
-0.17557126916143806,4,-0.5,Group 1,11,BB,-1.1754951900843875
0.15736333438403738,11,1.5,Group 1,11,BB,1.8945602869547362
-0.16435375804884553,3,-1.5,Group 1,11,BB,-1.1003910433720572
-0.24699984059000948,3,-0.5,Group 1,11,BB,-1.6537280043136895
0.08593476295546598,10,1.5,Group 1,11,BB,1.0346030719390364
0.4070748133797259,11,-1.5,Group 1,11,BB,2.7254714704623604
0.32442873083856194,11,-0.5,Group 1,11,BB,2.1721345095207276
-0.05692237990167692,8,1.5,Group 1,11,BB,-0.6853113580923645
0.1213605276654402,7,-1.5,Group 1,11,BB,0.8125402135451517
0.03871444512427624,7,-0.5,Group 1,11,BB,0.2592032526035192
0.22879190581260878,12,1.5,Group 1,11,BB,2.7545175019704358
0.1927890990940116,8,-1.5,Group 1,11,BB,1.2907730277744536
0.11014301655284764,8,-0.5,Group 1,11,BB,0.7374360668328211
0.08593476295546598,10,1.5,Group 1,11,BB,1.0346030719390364
-0.03271412630429521,6,-0.5,Group 1,11,BB,-0.21902956162578313
0.15736333438403738,11,1.5,Group 1,11,BB,1.8945602869547362
0.049931956236868746,6,-1.5,Group 1,11,BB,0.33430739931584935
-0.02149661519170265,5,-1.5,Group 1,11,BB,-0.1439254149134526
-0.10414269773286661,5,-0.5,Group 1,11,BB,-0.6972623758550851
0.15736333438403738,11,1.5,Group 1,11,BB,1.8945602869547362
-0.02149661519170265,5,-1.5,Group 1,11,BB,-0.1439254149134526
-0.10414269773286661,5,-0.5,Group 1,11,BB,-0.6972623758550851
0.08593476295546598,10,1.5,Group 1,11,BB,1.0346030719390364
-0.02149661519170265,5,-1.5,Group 1,11,BB,-0.1439254149134526
-0.10414269773286661,5,-0.5,Group 1,11,BB,-0.6972623758550851
0.08593476295546598,10,1.5,Group 1,11,BB,1.0346030719390364
0.1213605276654402,7,-1.5,Group 1,11,BB,0.8125402135451517
0.03871444512427624,7,-0.5,Group 1,11,BB,0.2592032526035192
0.08593476295546598,10,1.5,Group 1,11,BB,1.0346030719390364
-0.23578232947741695,2,-1.5,Group 1,11,BB,-1.5786238576013591
-0.3184284120185809,2,-0.5,Group 1,11,BB,-2.131960818542992
-0.05692237990167692,8,1.5,Group 1,11,BB,-0.6853113580923645
0.049931956236868746,6,-1.5,Group 1,11,BB,0.33430739931584935
-0.03271412630429521,6,-0.5,Group 1,11,BB,-0.21902956162578313
0.08593476295546598,10,1.5,Group 1,11,BB,1.0346030719390364
-0.23578232947741695,2,-1.5,Group 1,11,BB,-1.5786238576013591
-0.3184284120185809,2,-0.5,Group 1,11,BB,-2.131960818542992
0.049931956236868746,6,-1.5,Group 1,11,BB,0.33430739931584935
-0.03271412630429521,6,-0.5,Group 1,11,BB,-0.21902956162578313
0.08593476295546598,10,1.5,Group 1,11,BB,1.0346030719390364
-0.02149661519170265,5,-1.5,Group 1,11,BB,-0.1439254149134526
-0.10414269773286661,5,-0.5,Group 1,11,BB,-0.6972623758550851
0.08593476295546598,10,1.5,Group 1,11,BB,1.0346030719390364
0.007872358902429655,9,-0.5,Group 3,8,BB,0.059140689239113226
0.05061203962810257,11,1.5,Group 3,8,BB,0.7956406362832433
0.0634938608312946,9,-1.5,Group 3,8,BB,0.4769943467460771
0.0634938608312946,9,-1.5,Group 3,8,BB,0.4769943467460771
0.007872358902429655,9,-0.5,Group 3,8,BB,0.059140689239113226
0.05061203962810257,11,1.5,Group 3,8,BB,0.7956406362832433
-0.007934710597276906,8,-1.5,Group 3,8,BB,-0.05960910312295625
-0.06355621252614185,8,-0.5,Group 3,8,BB,-0.4774627606299201
0.05061203962810257,11,1.5,Group 3,8,BB,0.7956406362832433
0.134922432259866,10,-1.5,Group 3,8,BB,1.0135977966151095
0.07930093033100105,10,-0.5,Group 3,8,BB,0.5957441391081457
-0.02081653180046883,10,1.5,Group 3,8,BB,-0.3272438480771875
-0.007934710597276906,8,-1.5,Group 3,8,BB,-0.05960910312295625
-0.06355621252614185,8,-0.5,Group 3,8,BB,-0.4774627606299201
-0.02081653180046883,10,1.5,Group 3,8,BB,-0.3272438480771875
-0.15079185345441976,6,-1.5,Group 3,8,BB,-1.1328160028610217
-0.2064133553832847,6,-0.5,Group 3,8,BB,-1.5506696603679855
-0.09224510322904023,9,1.5,Group 3,8,BB,-1.4501283324376182
0.0634938608312946,9,-1.5,Group 3,8,BB,0.4769943467460771
0.007872358902429655,9,-0.5,Group 3,8,BB,0.059140689239113226
0.05061203962810257,11,1.5,Group 3,8,BB,0.7956406362832433
-0.15079185345441976,6,-1.5,Group 3,8,BB,-1.1328160028610217
-0.2064133553832847,6,-0.5,Group 3,8,BB,-1.5506696603679855
-0.02081653180046883,10,1.5,Group 3,8,BB,-0.3272438480771875
0.134922432259866,10,-1.5,Group 3,8,BB,1.0135977966151095
0.07930093033100105,10,-0.5,Group 3,8,BB,0.5957441391081457
0.05061203962810257,11,1.5,Group 3,8,BB,0.7956406362832433
-0.007934710597276906,8,-1.5,Group 3,8,BB,-0.05960910312295625
-0.06355621252614185,8,-0.5,Group 3,8,BB,-0.4774627606299201
-0.02081653180046883,10,1.5,Group 3,8,BB,-0.3272438480771875
0.134922432259866,10,-1.5,Group 3,8,BB,1.0135977966151095
0.07930093033100105,10,-0.5,Group 3,8,BB,0.5957441391081457
0.05061203962810257,11,1.5,Group 3,8,BB,0.7956406362832433
-0.22222042488299115,5,-1.5,Group 3,8,BB,-1.669419452730054
-0.2778419268118561,5,-0.5,Group 3,8,BB,-2.087273110237018
-0.09224510322904023,9,1.5,Group 3,8,BB,-1.4501283324376182
-0.007934710597276906,8,-1.5,Group 3,8,BB,-0.05960910312295625
-0.06355621252614185,8,-0.5,Group 3,8,BB,-0.4774627606299201
0.05061203962810257,11,1.5,Group 3,8,BB,0.7956406362832433
0.2063510036884374,11,-1.5,Group 3,8,BB,1.5502012464841421
0.15072950175957245,11,-0.5,Group 3,8,BB,1.1323475889771781
0.05061203962810257,11,1.5,Group 3,8,BB,0.7956406362832433
-0.007934710597276906,8,-1.5,Group 3,8,BB,-0.05960910312295625
-0.06355621252614185,8,-0.5,Group 3,8,BB,-0.4774627606299201
-0.02081653180046883,10,1.5,Group 3,8,BB,-0.3272438480771875
-0.0793632820258483,7,-1.5,Group 3,8,BB,-0.5962125529919887
-0.13498478395471325,7,-0.5,Group 3,8,BB,-1.0140662104989526
-0.02081653180046883,10,1.5,Group 3,8,BB,-0.3272438480771875
0.0634938608312946,9,-1.5,Group 3,8,BB,0.4769943467460771
0.007872358902429655,9,-0.5,Group 3,8,BB,0.059140689239113226
-0.02081653180046883,10,1.5,Group 3,8,BB,-0.3272438480771875
-0.007934710597276906,8,-1.5,Group 3,8,BB,-0.05960910312295625
-0.06355621252614185,8,-0.5,Group 3,8,BB,-0.4774627606299201
-0.02081653180046883,10,1.5,Group 3,8,BB,-0.3272438480771875
-0.0793632820258483,7,-1.5,Group 3,8,BB,-0.5962125529919887
-0.13498478395471325,7,-0.5,Group 3,8,BB,-1.0140662104989526
-0.02081653180046883,10,1.5,Group 3,8,BB,-0.3272438480771875
-0.007934710597276906,8,-1.5,Group 3,8,BB,-0.05960910312295625
-0.06355621252614185,8,-0.5,Group 3,8,BB,-0.4774627606299201
-0.02081653180046883,10,1.5,Group 3,8,BB,-0.3272438480771875
0.2063510036884374,11,-1.5,Group 3,8,BB,1.5502012464841421
0.15072950175957245,11,-0.5,Group 3,8,BB,1.1323475889771781
0.05061203962810257,11,1.5,Group 3,8,BB,0.7956406362832433
0.2063510036884374,11,-1.5,Group 3,8,BB,1.5502012464841421
0.15072950175957245,11,-0.5,Group 3,8,BB,1.1323475889771781
0.05061203962810257,11,1.5,Group 3,8,BB,0.7956406362832433
0.2063510036884374,11,-1.5,Group 3,8,BB,1.5502012464841421
0.15072950175957245,11,-0.5,Group 3,8,BB,1.1323475889771781
0.05061203962810257,11,1.5,Group 3,8,BB,0.7956406362832433
-0.2936489963115626,4,-1.5,Group 3,8,BB,-2.206022902599087
-0.34927049824042755,4,-0.5,Group 3,8,BB,-2.623876560106051
-0.23510224608618313,7,1.5,Group 3,8,BB,-3.6958973011584817
-0.007934710597276906,8,-1.5,Group 3,8,BB,-0.05960910312295625
-0.06355621252614185,8,-0.5,Group 3,8,BB,-0.4774627606299201
0.05061203962810257,11,1.5,Group 3,8,BB,0.7956406362832433
0.2063510036884374,11,-1.5,Group 3,8,BB,1.5502012464841421
0.15072950175957245,11,-0.5,Group 3,8,BB,1.1323475889771781
0.05061203962810257,11,1.5,Group 3,8,BB,0.7956406362832433
-0.007934710597276906,8,-1.5,Group 3,8,BB,-0.05960910312295625
-0.06355621252614185,8,-0.5,Group 3,8,BB,-0.4774627606299201
-0.02081653180046883,10,1.5,Group 3,8,BB,-0.3272438480771875
0.2063510036884374,11,-1.5,Group 3,8,BB,1.5502012464841421
0.15072950175957245,11,-0.5,Group 3,8,BB,1.1323475889771781
0.05061203962810257,11,1.5,Group 3,8,BB,0.7956406362832433
-0.007934710597276906,8,-1.5,Group 3,8,BB,-0.05960910312295625
-0.06355621252614185,8,-0.5,Group 3,8,BB,-0.4774627606299201
-0.02081653180046883,10,1.5,Group 3,8,BB,-0.3272438480771875
-0.13148942719099316,6,-1.5,Group 1,22,BB,-1.060583789776528
-0.21285661495240588,6,-0.5,Group 1,22,BB,-1.7168853814939238
-0.06506469443227392,10,1.5,Group 1,22,BB,-1.1827915295176212
-0.06506469443227392,10,1.5,Group 1,22,BB,-1.1827915295176212
-0.20291799861956455,5,-1.5,Group 1,22,BB,-1.6367212527072879
-0.2842851863809773,5,-0.5,Group 1,22,BB,-2.2930228444246836
-0.14142804352383442,7,-0.5,Group 1,22,BB,-1.1407479185631633
-0.06506469443227392,10,1.5,Group 1,22,BB,-1.1827915295176212
0.0827962870947212,9,-1.5,Group 1,22,BB,0.6678285990157532
0.0014290993333084812,9,-0.5,Group 1,22,BB,0.011527007298357449
-0.13649326586084531,9,1.5,Group 1,22,BB,-2.4812700667402847
0.1542248585232926,10,-1.5,Group 1,22,BB,1.2439660619465132
0.07285767076187988,10,-0.5,Group 1,22,BB,0.5876644702291174
0.0063638769962974795,11,1.5,Group 1,22,BB,0.11568700770504238
0.1542248585232926,10,-1.5,Group 1,22,BB,1.2439660619465132
0.07285767076187988,10,-0.5,Group 1,22,BB,0.5876644702291174
0.07779244842486888,12,1.5,Group 1,22,BB,1.414165544927706
0.0827962870947212,9,-1.5,Group 1,22,BB,0.6678285990157532
0.0014290993333084812,9,-0.5,Group 1,22,BB,0.011527007298357449
0.07779244842486888,12,1.5,Group 1,22,BB,1.414165544927706
0.011367715666149691,8,-1.5,Group 1,22,BB,0.09169113608499235
-0.06999947209526303,8,-0.5,Group 1,22,BB,-0.5646104556324034
-0.06506469443227392,10,1.5,Group 1,22,BB,-1.1827915295176212
0.1542248585232926,10,-1.5,Group 1,22,BB,1.2439660619465132
0.07285767076187988,10,-0.5,Group 1,22,BB,0.5876644702291174
-0.06506469443227392,10,1.5,Group 1,22,BB,-1.1827915295176212
0.0827962870947212,9,-1.5,Group 1,22,BB,0.6678285990157532
0.0014290993333084812,9,-0.5,Group 1,22,BB,0.011527007298357449
-0.06506469443227392,10,1.5,Group 1,22,BB,-1.1827915295176212
0.225653429951864,11,-1.5,Group 1,22,BB,1.820103524877273
0.14428624219045127,11,-0.5,Group 1,22,BB,1.1638019331598775
0.0063638769962974795,11,1.5,Group 1,22,BB,0.11568700770504238
0.0827962870947212,9,-1.5,Group 1,22,BB,0.6678285990157532
0.0014290993333084812,9,-0.5,Group 1,22,BB,0.011527007298357449
0.0063638769962974795,11,1.5,Group 1,22,BB,0.11568700770504238
0.0827962870947212,9,-1.5,Group 1,22,BB,0.6678285990157532
0.0014290993333084812,9,-0.5,Group 1,22,BB,0.011527007298357449
-0.06506469443227392,10,1.5,Group 1,22,BB,-1.1827915295176212
0.0827962870947212,9,-1.5,Group 1,22,BB,0.6678285990157532
0.0014290993333084812,9,-0.5,Group 1,22,BB,0.011527007298357449
0.0063638769962974795,11,1.5,Group 1,22,BB,0.11568700770504238
-0.060060855762421705,7,-1.5,Group 1,22,BB,-0.4844463268457676
-0.14142804352383442,7,-0.5,Group 1,22,BB,-1.1407479185631633
-0.06506469443227392,10,1.5,Group 1,22,BB,-1.1827915295176212
0.1542248585232926,10,-1.5,Group 1,22,BB,1.2439660619465132
0.07285767076187988,10,-0.5,Group 1,22,BB,0.5876644702291174
0.0063638769962974795,11,1.5,Group 1,22,BB,0.11568700770504238
0.0827962870947212,9,-1.5,Group 1,22,BB,0.6678285990157532
0.0014290993333084812,9,-0.5,Group 1,22,BB,0.011527007298357449
-0.06506469443227392,10,1.5,Group 1,22,BB,-1.1827915295176212
0.1542248585232926,10,-1.5,Group 1,22,BB,1.2439660619465132
0.07285767076187988,10,-0.5,Group 1,22,BB,0.5876644702291174
0.0063638769962974795,11,1.5,Group 1,22,BB,0.11568700770504238
0.0827962870947212,9,-1.5,Group 1,22,BB,0.6678285990157532
0.0014290993333084812,9,-0.5,Group 1,22,BB,0.011527007298357449
-0.06506469443227392,10,1.5,Group 1,22,BB,-1.1827915295176212
-0.060060855762421705,7,-1.5,Group 1,22,BB,-0.4844463268457676
-0.14142804352383442,7,-0.5,Group 1,22,BB,-1.1407479185631633
-0.06506469443227392,10,1.5,Group 1,22,BB,-1.1827915295176212
-0.060060855762421705,7,-1.5,Group 1,22,BB,-0.4844463268457676
-0.14142804352383442,7,-0.5,Group 1,22,BB,-1.1407479185631633
0.0063638769962974795,11,1.5,Group 1,22,BB,0.11568700770504238
-0.13148942719099316,6,-1.5,Group 1,22,BB,-1.060583789776528
-0.21285661495240588,6,-0.5,Group 1,22,BB,-1.7168853814939238
-0.06506469443227392,10,1.5,Group 1,22,BB,-1.1827915295176212
-0.13148942719099316,6,-1.5,Group 1,22,BB,-1.060583789776528
-0.21285661495240588,6,-0.5,Group 1,22,BB,-1.7168853814939238
0.0063638769962974795,11,1.5,Group 1,22,BB,0.11568700770504238
0.007913943556794534,10,-1.5,Group 1,4,BB,0.07619722346985308
-0.057423189483269965,10,-0.5,Group 1,4,BB,-0.5528833469695211
-0.0839850621123216,11,1.5,Group 1,4,BB,-1.4719305920419279
0.15077108641393733,12,-1.5,Group 1,4,BB,1.4516578342806064
0.08543395337387283,12,-0.5,Group 1,4,BB,0.8225772638412322
0.05887208074482131,13,1.5,Group 1,4,BB,1.0317979708054728
0.07934251498536593,11,-1.5,Group 1,4,BB,0.7639275288752297
0.014005381945301432,11,-0.5,Group 1,4,BB,0.13484695843585548
-0.012556490683750199,12,1.5,Group 1,4,BB,-0.22006631061822854
0.22219965784250884,13,-1.5,Group 1,4,BB,2.139388139685984
0.15686252480244434,13,-0.5,Group 1,4,BB,1.51030756924661
0.05887208074482131,13,1.5,Group 1,4,BB,1.0317979708054728
0.07934251498536593,11,-1.5,Group 1,4,BB,0.7639275288752297
0.014005381945301432,11,-0.5,Group 1,4,BB,0.13484695843585548
-0.0839850621123216,11,1.5,Group 1,4,BB,-1.4719305920419279
-0.0839850621123216,11,1.5,Group 1,4,BB,-1.4719305920419279
-0.13494319930034837,8,-1.5,Group 1,4,BB,-1.2992633873409014
-0.20028033234041287,8,-0.5,Group 1,4,BB,-1.9283439577802757
0.07934251498536593,11,-1.5,Group 1,4,BB,0.7639275288752297
0.014005381945301432,11,-0.5,Group 1,4,BB,0.13484695843585548
-0.012556490683750199,12,1.5,Group 1,4,BB,-0.22006631061822854
0.007913943556794534,10,-1.5,Group 1,4,BB,0.07619722346985308
-0.057423189483269965,10,-0.5,Group 1,4,BB,-0.5528833469695211
-0.0839850621123216,11,1.5,Group 1,4,BB,-1.4719305920419279
-0.06351462787177686,9,-1.5,Group 1,4,BB,-0.6115330819355236
-0.12885176091184136,9,-0.5,Group 1,4,BB,-1.2406136523748978
-0.0839850621123216,11,1.5,Group 1,4,BB,-1.4719305920419279
0.15077108641393733,12,-1.5,Group 1,4,BB,1.4516578342806064
0.08543395337387283,12,-0.5,Group 1,4,BB,0.8225772638412322
-0.012556490683750199,12,1.5,Group 1,4,BB,-0.22006631061822854
-0.13494319930034837,8,-1.5,Group 1,4,BB,-1.2992633873409014
-0.20028033234041287,8,-0.5,Group 1,4,BB,-1.9283439577802757
-0.012556490683750199,12,1.5,Group 1,4,BB,-0.22006631061822854
0.07934251498536593,11,-1.5,Group 1,4,BB,0.7639275288752297
0.014005381945301432,11,-0.5,Group 1,4,BB,0.13484695843585548
0.05887208074482131,13,1.5,Group 1,4,BB,1.0317979708054728
0.07934251498536593,11,-1.5,Group 1,4,BB,0.7639275288752297
0.014005381945301432,11,-0.5,Group 1,4,BB,0.13484695843585548
-0.012556490683750199,12,1.5,Group 1,4,BB,-0.22006631061822854
0.15077108641393733,12,-1.5,Group 1,4,BB,1.4516578342806064
0.08543395337387283,12,-0.5,Group 1,4,BB,0.8225772638412322
-0.012556490683750199,12,1.5,Group 1,4,BB,-0.22006631061822854
0.007913943556794534,10,-1.5,Group 1,4,BB,0.07619722346985308
-0.057423189483269965,10,-0.5,Group 1,4,BB,-0.5528833469695211
0.05887208074482131,13,1.5,Group 1,4,BB,1.0317979708054728
-0.012117191997897847,8,-1.5,Group 1,5,BB,-0.12746423153193595
-0.09175302081894499,8,-0.5,Group 1,5,BB,-0.9651764444641542
-0.009691224427329725,11,1.5,Group 1,5,BB,-0.13025077493025908
0.13073995085924506,10,-1.5,Group 1,5,BB,1.3752911870743498
0.05110412203819792,10,-0.5,Group 1,5,BB,0.5375789741421316
0.13316591842981318,13,1.5,Group 1,5,BB,1.789759818260858
0.13073995085924506,10,-1.5,Group 1,5,BB,1.3752911870743498
0.05110412203819792,10,-0.5,Group 1,5,BB,0.5375789741421316
0.06173734700124167,12,1.5,Group 1,5,BB,0.8297545216652987
0.20216852228781645,11,-1.5,Group 1,5,BB,2.1266688963774922
0.12253269346676932,11,-0.5,Group 1,5,BB,1.288956683445274
0.13316591842981318,13,1.5,Group 1,5,BB,1.789759818260858
0.20216852228781645,11,-1.5,Group 1,5,BB,2.1266688963774922
0.12253269346676932,11,-0.5,Group 1,5,BB,1.288956683445274
0.06173734700124167,12,1.5,Group 1,5,BB,0.8297545216652987
-0.08354576342646924,7,-1.5,Group 1,5,BB,-0.8788419408350783
-0.16318159224751638,7,-0.5,Group 1,5,BB,-1.7165541537672964
-0.08111979585590112,10,1.5,Group 1,5,BB,-1.090256071525817
-0.012117191997897847,8,-1.5,Group 1,5,BB,-0.12746423153193595
-0.09175302081894499,8,-0.5,Group 1,5,BB,-0.9651764444641542
-0.009691224427329725,11,1.5,Group 1,5,BB,-0.13025077493025908
0.05931137943067366,9,-1.5,Group 1,5,BB,0.6239134777712075
-0.020324449390373478,9,-0.5,Group 1,5,BB,-0.2137987351610107
-0.009691224427329725,11,1.5,Group 1,5,BB,-0.13025077493025908
-0.012117191997897847,8,-1.5,Group 1,5,BB,-0.12746423153193595
-0.09175302081894499,8,-0.5,Group 1,5,BB,-0.9651764444641542
-0.009691224427329725,11,1.5,Group 1,5,BB,-0.13025077493025908
0.13073995085924506,10,-1.5,Group 1,5,BB,1.3752911870743498
0.05110412203819792,10,-0.5,Group 1,5,BB,0.5375789741421316
0.06173734700124167,12,1.5,Group 1,5,BB,0.8297545216652987
0.05931137943067366,9,-1.5,Group 1,5,BB,0.6239134777712075
-0.020324449390373478,9,-0.5,Group 1,5,BB,-0.2137987351610107
0.06173734700124167,12,1.5,Group 1,5,BB,0.8297545216652987
-0.1549743348550407,6,-1.5,Group 1,5,BB,-1.6302196501382211
-0.23461016367608784,6,-0.5,Group 1,5,BB,-2.467931863070439
-0.08111979585590112,10,1.5,Group 1,5,BB,-1.090256071525817
-0.08354576342646924,7,-1.5,Group 1,5,BB,-0.8788419408350783
-0.16318159224751638,7,-0.5,Group 1,5,BB,-1.7165541537672964
-0.08111979585590112,10,1.5,Group 1,5,BB,-1.090256071525817
0.20216852228781645,11,-1.5,Group 1,5,BB,2.1266688963774922
0.12253269346676932,11,-0.5,Group 1,5,BB,1.288956683445274
0.13316591842981318,13,1.5,Group 1,5,BB,1.789759818260858
0.05931137943067366,9,-1.5,Group 1,5,BB,0.6239134777712075
-0.020324449390373478,9,-0.5,Group 1,5,BB,-0.2137987351610107
-0.009691224427329725,11,1.5,Group 1,5,BB,-0.13025077493025908
0.05931137943067366,9,-1.5,Group 1,5,BB,0.6239134777712075
-0.020324449390373478,9,-0.5,Group 1,5,BB,-0.2137987351610107
-0.009691224427329725,11,1.5,Group 1,5,BB,-0.13025077493025908
0.05110412203819792,10,-0.5,Group 1,5,BB,0.5375789741421316
0.06173734700124167,12,1.5,Group 1,5,BB,0.8297545216652987
-0.08111979585590112,10,1.5,Group 1,5,BB,-1.090256071525817
-0.08354576342646924,7,-1.5,Group 1,5,BB,-0.8788419408350783
-0.16318159224751638,7,-0.5,Group 1,5,BB,-1.7165541537672964
-0.08111979585590112,10,1.5,Group 1,5,BB,-1.090256071525817
0.05931137943067366,9,-1.5,Group 1,5,BB,0.6239134777712075
-0.020324449390373478,9,-0.5,Group 1,5,BB,-0.2137987351610107
-0.08111979585590112,10,1.5,Group 1,5,BB,-1.090256071525817
0.14859740224950807,9,-1.5,Group 1,13,BB,1.241981107315717
0.06421626035855577,9,-0.5,Group 1,13,BB,0.5367212410206014
0.055144805658813856,11,1.5,Group 1,13,BB,1.1681550053538283
0.005740259392365166,7,-1.5,Group 1,13,BB,0.04797724326592483
-0.07864088249858714,7,-0.5,Group 1,13,BB,-0.6572826230291908
-0.01628376576975754,10,1.5,Group 1,13,BB,-0.34494568006354565
0.07716883082093656,8,-1.5,Group 1,13,BB,0.6449791752908205
-0.007212311070015742,8,-0.5,Group 1,13,BB,-0.060280691004295194
-0.01628376576975754,10,1.5,Group 1,13,BB,-0.34494568006354565
-0.06568831203620629,6,-1.5,Group 1,13,BB,-0.5490246887589713
-0.1500694539271586,6,-0.5,Group 1,13,BB,-1.2542845550540869
-0.01628376576975754,10,1.5,Group 1,13,BB,-0.34494568006354565
0.22002597367807947,10,-1.5,Group 1,13,BB,1.8389830393406126
0.13564483178712716,10,-0.5,Group 1,13,BB,1.133723173045497
0.055144805658813856,11,1.5,Group 1,13,BB,1.1681550053538283
0.07716883082093656,8,-1.5,Group 1,13,BB,0.6449791752908205
-0.007212311070015742,8,-0.5,Group 1,13,BB,-0.060280691004295194
-0.01628376576975754,10,1.5,Group 1,13,BB,-0.34494568006354565
0.07716883082093656,8,-1.5,Group 1,13,BB,0.6449791752908205
-0.007212311070015742,8,-0.5,Group 1,13,BB,-0.060280691004295194
0.055144805658813856,11,1.5,Group 1,13,BB,1.1681550053538283
0.005740259392365166,7,-1.5,Group 1,13,BB,0.04797724326592483
-0.07864088249858714,7,-0.5,Group 1,13,BB,-0.6572826230291908
0.055144805658813856,11,1.5,Group 1,13,BB,1.1681550053538283
0.005740259392365166,7,-1.5,Group 1,13,BB,0.04797724326592483
-0.07864088249858714,7,-0.5,Group 1,13,BB,-0.6572826230291908
-0.01628376576975754,10,1.5,Group 1,13,BB,-0.34494568006354565
-0.13711688346477768,5,-1.5,Group 1,13,BB,-1.146026620783867
-0.22149802535573,5,-0.5,Group 1,13,BB,-1.8512864870789825
-0.01628376576975754,10,1.5,Group 1,13,BB,-0.34494568006354565
0.07716883082093656,8,-1.5,Group 1,13,BB,0.6449791752908205
-0.007212311070015742,8,-0.5,Group 1,13,BB,-0.060280691004295194
0.055144805658813856,11,1.5,Group 1,13,BB,1.1681550053538283
0.005740259392365166,7,-1.5,Group 1,13,BB,0.04797724326592483
-0.07864088249858714,7,-0.5,Group 1,13,BB,-0.6572826230291908
-0.01628376576975754,10,1.5,Group 1,13,BB,-0.34494568006354565
-0.06568831203620629,6,-1.5,Group 1,13,BB,-0.5490246887589713
-0.1500694539271586,6,-0.5,Group 1,13,BB,-1.2542845550540869
-0.01628376576975754,10,1.5,Group 1,13,BB,-0.34494568006354565
-0.13711688346477768,5,-1.5,Group 1,13,BB,-1.146026620783867
-0.22149802535573,5,-0.5,Group 1,13,BB,-1.8512864870789825
-0.01628376576975754,10,1.5,Group 1,13,BB,-0.34494568006354565
-0.13711688346477768,5,-1.5,Group 1,13,BB,-1.146026620783867
-0.22149802535573,5,-0.5,Group 1,13,BB,-1.8512864870789825
-0.08771233719832894,9,1.5,Group 1,13,BB,-1.8580463654809194
-0.06568831203620629,6,-1.5,Group 1,13,BB,-0.5490246887589713
-0.1500694539271586,6,-0.5,Group 1,13,BB,-1.2542845550540869
-0.01628376576975754,10,1.5,Group 1,13,BB,-0.34494568006354565
-0.06568831203620629,6,-1.5,Group 1,13,BB,-0.5490246887589713
-0.1500694539271586,6,-0.5,Group 1,13,BB,-1.2542845550540869
-0.01628376576975754,10,1.5,Group 1,13,BB,-0.34494568006354565
-0.06568831203620629,6,-1.5,Group 1,13,BB,-0.5490246887589713
-0.1500694539271586,6,-0.5,Group 1,13,BB,-1.2542845550540869
-0.01628376576975754,10,1.5,Group 1,13,BB,-0.34494568006354565
-0.06568831203620629,6,-1.5,Group 1,13,BB,-0.5490246887589713
-0.1500694539271586,6,-0.5,Group 1,13,BB,-1.2542845550540869
-0.01628376576975754,10,1.5,Group 1,13,BB,-0.34494568006354565
-0.06568831203620629,6,-1.5,Group 1,13,BB,-0.5490246887589713
-0.1500694539271586,6,-0.5,Group 1,13,BB,-1.2542845550540869
-0.01628376576975754,10,1.5,Group 1,13,BB,-0.34494568006354565
-0.06568831203620629,6,-1.5,Group 1,13,BB,-0.5490246887589713
-0.1500694539271586,6,-0.5,Group 1,13,BB,-1.2542845550540869
-0.01628376576975754,10,1.5,Group 1,13,BB,-0.34494568006354565
0.14859740224950807,9,-1.5,Group 1,13,BB,1.241981107315717
0.06421626035855577,9,-0.5,Group 1,13,BB,0.5367212410206014
-0.01628376576975754,10,1.5,Group 1,13,BB,-0.34494568006354565
0.07716883082093656,8,-1.5,Group 1,13,BB,0.6449791752908205
-0.007212311070015742,8,-0.5,Group 1,13,BB,-0.060280691004295194
0.055144805658813856,11,1.5,Group 1,13,BB,1.1681550053538283
0.14859740224950807,9,-1.5,Group 1,13,BB,1.241981107315717
0.06421626035855577,9,-0.5,Group 1,13,BB,0.5367212410206014
0.055144805658813856,11,1.5,Group 1,13,BB,1.1681550053538283
0.14859740224950807,9,-1.5,Group 1,13,BB,1.241981107315717
0.06421626035855577,9,-0.5,Group 1,13,BB,0.5367212410206014
-0.01628376576975754,10,1.5,Group 1,13,BB,-0.34494568006354565
0.14859740224950807,9,-1.5,Group 1,13,BB,1.241981107315717
0.06421626035855577,9,-0.5,Group 1,13,BB,0.5367212410206014
0.12657337708738525,12,1.5,Group 1,13,BB,2.681255690771202
0.005740259392365166,7,-1.5,Group 1,13,BB,0.04797724326592483
-0.07864088249858714,7,-0.5,Group 1,13,BB,-0.6572826230291908
-0.01628376576975754,10,1.5,Group 1,13,BB,-0.34494568006354565
0.14859740224950807,9,-1.5,Group 1,13,BB,1.241981107315717
0.06421626035855577,9,-0.5,Group 1,13,BB,0.5367212410206014
-0.01628376576975754,10,1.5,Group 1,13,BB,-0.34494568006354565
0.14859740224950807,9,-1.5,Group 1,13,BB,1.241981107315717
0.06421626035855577,9,-0.5,Group 1,13,BB,0.5367212410206014
-0.01628376576975754,10,1.5,Group 1,13,BB,-0.34494568006354565
0.36288311653522226,12,-1.5,Group 1,13,BB,3.032986903390404
0.27850197464426996,12,-0.5,Group 1,13,BB,2.327727037095288
0.12657337708738525,12,1.5,Group 1,13,BB,2.681255690771202
